/*
Navicat MySQL Data Transfer

Source Server         : 192.168.216.20
Source Server Version : 50173
Source Host           : 192.168.216.20:3306
Source Database       : db_telecom

Target Server Type    : MYSQL
Target Server Version : 50173
File Encoding         : 65001

Date: 2017-10-31 16:16:47
*/

SET FOREIGN_KEY_CHECKS=0;

-- ----------------------------
-- Table structure for tb_call
-- ----------------------------
DROP TABLE IF EXISTS `tb_call`;
CREATE TABLE `tb_call` (
  `id_date_contact` varchar(255) NOT NULL,
  `id_date_dimension` int(11) NOT NULL,
  `id_contact` int(11) NOT NULL,
  `call_sum` int(11) NOT NULL,
  `call_duration_sum` int(11) NOT NULL,
  PRIMARY KEY (`id_date_contact`)
) ENGINE=InnoDB DEFAULT CHARSET=utf8;

-- ----------------------------
-- Records of tb_call
-- ----------------------------
INSERT INTO `tb_call` VALUES ('100_10', '100', '10', '1', '90');
INSERT INTO `tb_call` VALUES ('100_19', '100', '19', '1', '90');
INSERT INTO `tb_call` VALUES ('101_13', '101', '13', '1', '483');
INSERT INTO `tb_call` VALUES ('101_16', '101', '16', '1', '171');
INSERT INTO `tb_call` VALUES ('101_17', '101', '17', '1', '985');
INSERT INTO `tb_call` VALUES ('101_4', '101', '4', '1', '985');
INSERT INTO `tb_call` VALUES ('101_5', '101', '5', '1', '171');
INSERT INTO `tb_call` VALUES ('101_6', '101', '6', '1', '483');
INSERT INTO `tb_call` VALUES ('102_19', '102', '19', '1', '1164');
INSERT INTO `tb_call` VALUES ('102_4', '102', '4', '1', '1164');
INSERT INTO `tb_call` VALUES ('103_14', '103', '14', '1', '1061');
INSERT INTO `tb_call` VALUES ('103_18', '103', '18', '2', '1657');
INSERT INTO `tb_call` VALUES ('103_19', '103', '19', '1', '596');
INSERT INTO `tb_call` VALUES ('104_3', '104', '3', '1', '418');
INSERT INTO `tb_call` VALUES ('104_9', '104', '9', '1', '418');
INSERT INTO `tb_call` VALUES ('105_10', '105', '10', '1', '678');
INSERT INTO `tb_call` VALUES ('105_17', '105', '17', '1', '678');
INSERT INTO `tb_call` VALUES ('105_2', '105', '2', '1', '1019');
INSERT INTO `tb_call` VALUES ('105_6', '105', '6', '1', '1019');
INSERT INTO `tb_call` VALUES ('106_1', '106', '1', '1', '20');
INSERT INTO `tb_call` VALUES ('106_11', '106', '11', '1', '20');
INSERT INTO `tb_call` VALUES ('106_2', '106', '2', '1', '37');
INSERT INTO `tb_call` VALUES ('106_6', '106', '6', '1', '37');
INSERT INTO `tb_call` VALUES ('107_1', '107', '1', '2', '1541');
INSERT INTO `tb_call` VALUES ('107_11', '107', '11', '1', '454');
INSERT INTO `tb_call` VALUES ('107_18', '107', '18', '2', '1309');
INSERT INTO `tb_call` VALUES ('107_9', '107', '9', '1', '686');
INSERT INTO `tb_call` VALUES ('108_10', '108', '10', '1', '1040');
INSERT INTO `tb_call` VALUES ('108_3', '108', '3', '1', '1056');
INSERT INTO `tb_call` VALUES ('108_5', '108', '5', '1', '1056');
INSERT INTO `tb_call` VALUES ('108_8', '108', '8', '1', '1040');
INSERT INTO `tb_call` VALUES ('109_12', '109', '12', '1', '112');
INSERT INTO `tb_call` VALUES ('109_19', '109', '19', '1', '112');
INSERT INTO `tb_call` VALUES ('10_11', '10', '11', '1', '769');
INSERT INTO `tb_call` VALUES ('10_20', '10', '20', '1', '769');
INSERT INTO `tb_call` VALUES ('10_4', '10', '4', '1', '1105');
INSERT INTO `tb_call` VALUES ('10_8', '10', '8', '1', '1105');
INSERT INTO `tb_call` VALUES ('110_10', '110', '10', '1', '1110');
INSERT INTO `tb_call` VALUES ('110_13', '110', '13', '1', '1110');
INSERT INTO `tb_call` VALUES ('111_13', '111', '13', '1', '817');
INSERT INTO `tb_call` VALUES ('111_20', '111', '20', '1', '817');
INSERT INTO `tb_call` VALUES ('112_1', '112', '1', '2', '739');
INSERT INTO `tb_call` VALUES ('112_10', '112', '10', '4', '2348');
INSERT INTO `tb_call` VALUES ('112_11', '112', '11', '3', '2540');
INSERT INTO `tb_call` VALUES ('112_12', '112', '12', '3', '422');
INSERT INTO `tb_call` VALUES ('112_13', '112', '13', '4', '2220');
INSERT INTO `tb_call` VALUES ('112_14', '112', '14', '1', '823');
INSERT INTO `tb_call` VALUES ('112_15', '112', '15', '1', '131');
INSERT INTO `tb_call` VALUES ('112_16', '112', '16', '4', '1049');
INSERT INTO `tb_call` VALUES ('112_17', '112', '17', '5', '2763');
INSERT INTO `tb_call` VALUES ('112_18', '112', '18', '6', '4942');
INSERT INTO `tb_call` VALUES ('112_19', '112', '19', '4', '2071');
INSERT INTO `tb_call` VALUES ('112_2', '112', '2', '2', '1262');
INSERT INTO `tb_call` VALUES ('112_20', '112', '20', '1', '232');
INSERT INTO `tb_call` VALUES ('112_4', '112', '4', '5', '3218');
INSERT INTO `tb_call` VALUES ('112_5', '112', '5', '6', '4808');
INSERT INTO `tb_call` VALUES ('112_6', '112', '6', '1', '393');
INSERT INTO `tb_call` VALUES ('112_7', '112', '7', '5', '1653');
INSERT INTO `tb_call` VALUES ('112_8', '112', '8', '5', '2961');
INSERT INTO `tb_call` VALUES ('112_9', '112', '9', '4', '2703');
INSERT INTO `tb_call` VALUES ('113_4', '113', '4', '1', '452');
INSERT INTO `tb_call` VALUES ('113_7', '113', '7', '1', '452');
INSERT INTO `tb_call` VALUES ('114_11', '114', '11', '1', '930');
INSERT INTO `tb_call` VALUES ('114_15', '114', '15', '1', '131');
INSERT INTO `tb_call` VALUES ('114_7', '114', '7', '1', '131');
INSERT INTO `tb_call` VALUES ('114_9', '114', '9', '1', '930');
INSERT INTO `tb_call` VALUES ('115_10', '115', '10', '1', '145');
INSERT INTO `tb_call` VALUES ('115_16', '115', '16', '1', '145');
INSERT INTO `tb_call` VALUES ('115_19', '115', '19', '1', '1007');
INSERT INTO `tb_call` VALUES ('115_5', '115', '5', '1', '1007');
INSERT INTO `tb_call` VALUES ('115_8', '115', '8', '1', '1118');
INSERT INTO `tb_call` VALUES ('115_9', '115', '9', '1', '1118');
INSERT INTO `tb_call` VALUES ('116_11', '116', '11', '1', '930');
INSERT INTO `tb_call` VALUES ('116_5', '116', '5', '1', '930');
INSERT INTO `tb_call` VALUES ('117_14', '117', '14', '1', '823');
INSERT INTO `tb_call` VALUES ('117_18', '117', '18', '1', '882');
INSERT INTO `tb_call` VALUES ('117_5', '117', '5', '1', '823');
INSERT INTO `tb_call` VALUES ('117_8', '117', '8', '1', '882');
INSERT INTO `tb_call` VALUES ('118_18', '118', '18', '1', '850');
INSERT INTO `tb_call` VALUES ('118_2', '118', '2', '1', '850');
INSERT INTO `tb_call` VALUES ('118_8', '118', '8', '1', '149');
INSERT INTO `tb_call` VALUES ('118_9', '118', '9', '1', '149');
INSERT INTO `tb_call` VALUES ('119_13', '119', '13', '1', '457');
INSERT INTO `tb_call` VALUES ('119_16', '119', '16', '1', '457');
INSERT INTO `tb_call` VALUES ('11_17', '11', '17', '1', '680');
INSERT INTO `tb_call` VALUES ('11_20', '11', '20', '1', '680');
INSERT INTO `tb_call` VALUES ('120_10', '120', '10', '1', '680');
INSERT INTO `tb_call` VALUES ('120_11', '120', '11', '1', '680');
INSERT INTO `tb_call` VALUES ('121_12', '121', '12', '2', '29');
INSERT INTO `tb_call` VALUES ('121_17', '121', '17', '1', '740');
INSERT INTO `tb_call` VALUES ('121_19', '121', '19', '2', '29');
INSERT INTO `tb_call` VALUES ('121_4', '121', '4', '1', '740');
INSERT INTO `tb_call` VALUES ('122_1', '122', '1', '1', '79');
INSERT INTO `tb_call` VALUES ('122_12', '122', '12', '1', '393');
INSERT INTO `tb_call` VALUES ('122_6', '122', '6', '1', '393');
INSERT INTO `tb_call` VALUES ('122_7', '122', '7', '1', '79');
INSERT INTO `tb_call` VALUES ('123_16', '123', '16', '1', '148');
INSERT INTO `tb_call` VALUES ('123_17', '123', '17', '2', '654');
INSERT INTO `tb_call` VALUES ('123_4', '123', '4', '1', '759');
INSERT INTO `tb_call` VALUES ('123_7', '123', '7', '1', '759');
INSERT INTO `tb_call` VALUES ('123_9', '123', '9', '1', '506');
INSERT INTO `tb_call` VALUES ('124_13', '124', '13', '1', '513');
INSERT INTO `tb_call` VALUES ('124_20', '124', '20', '1', '232');
INSERT INTO `tb_call` VALUES ('124_7', '124', '7', '1', '232');
INSERT INTO `tb_call` VALUES ('124_8', '124', '8', '1', '513');
INSERT INTO `tb_call` VALUES ('125_10', '125', '10', '1', '863');
INSERT INTO `tb_call` VALUES ('125_13', '125', '13', '1', '722');
INSERT INTO `tb_call` VALUES ('125_18', '125', '18', '1', '863');
INSERT INTO `tb_call` VALUES ('125_5', '125', '5', '1', '722');
INSERT INTO `tb_call` VALUES ('126_18', '126', '18', '1', '1094');
INSERT INTO `tb_call` VALUES ('126_5', '126', '5', '1', '1094');
INSERT INTO `tb_call` VALUES ('127_1', '127', '1', '1', '660');
INSERT INTO `tb_call` VALUES ('127_10', '127', '10', '1', '660');
INSERT INTO `tb_call` VALUES ('127_13', '127', '13', '1', '528');
INSERT INTO `tb_call` VALUES ('127_17', '127', '17', '2', '1369');
INSERT INTO `tb_call` VALUES ('127_18', '127', '18', '2', '1253');
INSERT INTO `tb_call` VALUES ('127_2', '127', '2', '1', '412');
INSERT INTO `tb_call` VALUES ('127_4', '127', '4', '1', '232');
INSERT INTO `tb_call` VALUES ('127_5', '127', '5', '1', '232');
INSERT INTO `tb_call` VALUES ('128_16', '128', '16', '1', '299');
INSERT INTO `tb_call` VALUES ('128_19', '128', '19', '1', '1035');
INSERT INTO `tb_call` VALUES ('128_4', '128', '4', '1', '1035');
INSERT INTO `tb_call` VALUES ('128_8', '128', '8', '1', '299');
INSERT INTO `tb_call` VALUES ('129_1', '129', '1', '1', '1078');
INSERT INTO `tb_call` VALUES ('129_10', '129', '10', '4', '2954');
INSERT INTO `tb_call` VALUES ('129_11', '129', '11', '4', '1793');
INSERT INTO `tb_call` VALUES ('129_12', '129', '12', '2', '1722');
INSERT INTO `tb_call` VALUES ('129_13', '129', '13', '3', '2238');
INSERT INTO `tb_call` VALUES ('129_14', '129', '14', '2', '698');
INSERT INTO `tb_call` VALUES ('129_15', '129', '15', '8', '4983');
INSERT INTO `tb_call` VALUES ('129_16', '129', '16', '4', '2654');
INSERT INTO `tb_call` VALUES ('129_17', '129', '17', '5', '4196');
INSERT INTO `tb_call` VALUES ('129_18', '129', '18', '3', '1062');
INSERT INTO `tb_call` VALUES ('129_19', '129', '19', '3', '3054');
INSERT INTO `tb_call` VALUES ('129_2', '129', '2', '5', '2321');
INSERT INTO `tb_call` VALUES ('129_20', '129', '20', '4', '1864');
INSERT INTO `tb_call` VALUES ('129_3', '129', '3', '2', '1102');
INSERT INTO `tb_call` VALUES ('129_4', '129', '4', '2', '812');
INSERT INTO `tb_call` VALUES ('129_5', '129', '5', '6', '4028');
INSERT INTO `tb_call` VALUES ('129_6', '129', '6', '4', '1891');
INSERT INTO `tb_call` VALUES ('129_7', '129', '7', '4', '1879');
INSERT INTO `tb_call` VALUES ('129_8', '129', '8', '5', '2956');
INSERT INTO `tb_call` VALUES ('129_9', '129', '9', '5', '3373');
INSERT INTO `tb_call` VALUES ('12_1', '12', '1', '1', '1100');
INSERT INTO `tb_call` VALUES ('12_12', '12', '12', '1', '1100');
INSERT INTO `tb_call` VALUES ('12_19', '12', '19', '1', '177');
INSERT INTO `tb_call` VALUES ('12_3', '12', '3', '1', '177');
INSERT INTO `tb_call` VALUES ('130_10', '130', '10', '2', '2000');
INSERT INTO `tb_call` VALUES ('130_12', '130', '12', '1', '877');
INSERT INTO `tb_call` VALUES ('130_16', '130', '16', '1', '1123');
INSERT INTO `tb_call` VALUES ('131_15', '131', '15', '1', '751');
INSERT INTO `tb_call` VALUES ('131_6', '131', '6', '1', '751');
INSERT INTO `tb_call` VALUES ('132_15', '132', '15', '1', '812');
INSERT INTO `tb_call` VALUES ('132_8', '132', '8', '1', '812');
INSERT INTO `tb_call` VALUES ('133_15', '133', '15', '1', '94');
INSERT INTO `tb_call` VALUES ('133_2', '133', '2', '1', '94');
INSERT INTO `tb_call` VALUES ('133_20', '133', '20', '1', '126');
INSERT INTO `tb_call` VALUES ('133_8', '133', '8', '1', '126');
INSERT INTO `tb_call` VALUES ('134_3', '134', '3', '1', '890');
INSERT INTO `tb_call` VALUES ('134_9', '134', '9', '1', '890');
INSERT INTO `tb_call` VALUES ('135_15', '135', '15', '2', '786');
INSERT INTO `tb_call` VALUES ('135_16', '135', '16', '1', '462');
INSERT INTO `tb_call` VALUES ('135_20', '135', '20', '1', '324');
INSERT INTO `tb_call` VALUES ('136_18', '136', '18', '1', '212');
INSERT INTO `tb_call` VALUES ('136_3', '136', '3', '1', '212');
INSERT INTO `tb_call` VALUES ('137_11', '137', '11', '1', '81');
INSERT INTO `tb_call` VALUES ('137_4', '137', '4', '1', '81');
INSERT INTO `tb_call` VALUES ('138_13', '138', '13', '1', '994');
INSERT INTO `tb_call` VALUES ('138_17', '138', '17', '1', '994');
INSERT INTO `tb_call` VALUES ('138_6', '138', '6', '1', '293');
INSERT INTO `tb_call` VALUES ('138_9', '138', '9', '1', '293');
INSERT INTO `tb_call` VALUES ('139_11', '139', '11', '1', '875');
INSERT INTO `tb_call` VALUES ('139_5', '139', '5', '1', '875');
INSERT INTO `tb_call` VALUES ('13_14', '13', '14', '1', '470');
INSERT INTO `tb_call` VALUES ('13_17', '13', '17', '1', '470');
INSERT INTO `tb_call` VALUES ('140_11', '140', '11', '1', '324');
INSERT INTO `tb_call` VALUES ('140_6', '140', '6', '1', '324');
INSERT INTO `tb_call` VALUES ('141_14', '141', '14', '1', '586');
INSERT INTO `tb_call` VALUES ('141_16', '141', '16', '1', '765');
INSERT INTO `tb_call` VALUES ('141_2', '141', '2', '1', '586');
INSERT INTO `tb_call` VALUES ('141_20', '141', '20', '1', '765');
INSERT INTO `tb_call` VALUES ('142_11', '142', '11', '1', '513');
INSERT INTO `tb_call` VALUES ('142_13', '142', '13', '1', '513');
INSERT INTO `tb_call` VALUES ('142_15', '142', '15', '1', '747');
INSERT INTO `tb_call` VALUES ('142_16', '142', '16', '1', '304');
INSERT INTO `tb_call` VALUES ('142_18', '142', '18', '1', '698');
INSERT INTO `tb_call` VALUES ('142_5', '142', '5', '1', '698');
INSERT INTO `tb_call` VALUES ('142_7', '142', '7', '1', '304');
INSERT INTO `tb_call` VALUES ('142_8', '142', '8', '1', '747');
INSERT INTO `tb_call` VALUES ('143_14', '143', '14', '1', '112');
INSERT INTO `tb_call` VALUES ('143_7', '143', '7', '1', '112');
INSERT INTO `tb_call` VALUES ('144_15', '144', '15', '1', '772');
INSERT INTO `tb_call` VALUES ('144_17', '144', '17', '1', '772');
INSERT INTO `tb_call` VALUES ('145_10', '145', '10', '1', '523');
INSERT INTO `tb_call` VALUES ('145_6', '145', '6', '1', '523');
INSERT INTO `tb_call` VALUES ('146_10', '146', '10', '1', '431');
INSERT INTO `tb_call` VALUES ('146_13', '146', '13', '1', '731');
INSERT INTO `tb_call` VALUES ('146_4', '146', '4', '1', '731');
INSERT INTO `tb_call` VALUES ('146_5', '146', '5', '1', '431');
INSERT INTO `tb_call` VALUES ('147_1', '147', '1', '1', '1078');
INSERT INTO `tb_call` VALUES ('147_12', '147', '12', '1', '845');
INSERT INTO `tb_call` VALUES ('147_17', '147', '17', '2', '1682');
INSERT INTO `tb_call` VALUES ('147_19', '147', '19', '3', '3054');
INSERT INTO `tb_call` VALUES ('147_5', '147', '5', '2', '1276');
INSERT INTO `tb_call` VALUES ('147_7', '147', '7', '1', '806');
INSERT INTO `tb_call` VALUES ('147_8', '147', '8', '1', '431');
INSERT INTO `tb_call` VALUES ('147_9', '147', '9', '1', '512');
INSERT INTO `tb_call` VALUES ('148_15', '148', '15', '1', '1021');
INSERT INTO `tb_call` VALUES ('148_2', '148', '2', '1', '649');
INSERT INTO `tb_call` VALUES ('148_20', '148', '20', '1', '649');
INSERT INTO `tb_call` VALUES ('148_9', '148', '9', '1', '1021');
INSERT INTO `tb_call` VALUES ('149_2', '149', '2', '1', '840');
INSERT INTO `tb_call` VALUES ('149_8', '149', '8', '1', '840');
INSERT INTO `tb_call` VALUES ('14_14', '14', '14', '1', '971');
INSERT INTO `tb_call` VALUES ('14_17', '14', '17', '1', '971');
INSERT INTO `tb_call` VALUES ('150_17', '150', '17', '1', '748');
INSERT INTO `tb_call` VALUES ('150_18', '150', '18', '1', '152');
INSERT INTO `tb_call` VALUES ('150_2', '150', '2', '1', '152');
INSERT INTO `tb_call` VALUES ('150_5', '150', '5', '1', '748');
INSERT INTO `tb_call` VALUES ('150_7', '150', '7', '1', '657');
INSERT INTO `tb_call` VALUES ('150_9', '150', '9', '1', '657');
INSERT INTO `tb_call` VALUES ('151_1', '151', '1', '3', '1642');
INSERT INTO `tb_call` VALUES ('151_10', '151', '10', '6', '3052');
INSERT INTO `tb_call` VALUES ('151_11', '151', '11', '4', '2103');
INSERT INTO `tb_call` VALUES ('151_12', '151', '12', '5', '3333');
INSERT INTO `tb_call` VALUES ('151_13', '151', '13', '3', '990');
INSERT INTO `tb_call` VALUES ('151_14', '151', '14', '1', '1072');
INSERT INTO `tb_call` VALUES ('151_15', '151', '15', '3', '1936');
INSERT INTO `tb_call` VALUES ('151_16', '151', '16', '3', '899');
INSERT INTO `tb_call` VALUES ('151_17', '151', '17', '3', '1588');
INSERT INTO `tb_call` VALUES ('151_18', '151', '18', '5', '1900');
INSERT INTO `tb_call` VALUES ('151_19', '151', '19', '4', '2798');
INSERT INTO `tb_call` VALUES ('151_2', '151', '2', '5', '3906');
INSERT INTO `tb_call` VALUES ('151_20', '151', '20', '3', '1622');
INSERT INTO `tb_call` VALUES ('151_3', '151', '3', '3', '863');
INSERT INTO `tb_call` VALUES ('151_4', '151', '4', '2', '263');
INSERT INTO `tb_call` VALUES ('151_5', '151', '5', '3', '2085');
INSERT INTO `tb_call` VALUES ('151_6', '151', '6', '2', '757');
INSERT INTO `tb_call` VALUES ('151_7', '151', '7', '2', '665');
INSERT INTO `tb_call` VALUES ('151_8', '151', '8', '7', '3584');
INSERT INTO `tb_call` VALUES ('151_9', '151', '9', '3', '2462');
INSERT INTO `tb_call` VALUES ('152_1', '152', '1', '2', '1045');
INSERT INTO `tb_call` VALUES ('152_15', '152', '15', '1', '489');
INSERT INTO `tb_call` VALUES ('152_8', '152', '8', '1', '556');
INSERT INTO `tb_call` VALUES ('153_11', '153', '11', '2', '918');
INSERT INTO `tb_call` VALUES ('153_13', '153', '13', '1', '152');
INSERT INTO `tb_call` VALUES ('153_16', '153', '16', '1', '152');
INSERT INTO `tb_call` VALUES ('153_19', '153', '19', '1', '351');
INSERT INTO `tb_call` VALUES ('153_6', '153', '6', '1', '567');
INSERT INTO `tb_call` VALUES ('154_10', '154', '10', '1', '775');
INSERT INTO `tb_call` VALUES ('154_15', '154', '15', '1', '539');
INSERT INTO `tb_call` VALUES ('154_19', '154', '19', '1', '539');
INSERT INTO `tb_call` VALUES ('154_5', '154', '5', '1', '775');
INSERT INTO `tb_call` VALUES ('155_10', '155', '10', '1', '117');
INSERT INTO `tb_call` VALUES ('155_18', '155', '18', '1', '117');
INSERT INTO `tb_call` VALUES ('156_12', '156', '12', '1', '1135');
INSERT INTO `tb_call` VALUES ('156_2', '156', '2', '1', '1135');
INSERT INTO `tb_call` VALUES ('157_17', '157', '17', '1', '433');
INSERT INTO `tb_call` VALUES ('157_3', '157', '3', '1', '433');
INSERT INTO `tb_call` VALUES ('158_3', '158', '3', '1', '221');
INSERT INTO `tb_call` VALUES ('158_7', '158', '7', '1', '221');
INSERT INTO `tb_call` VALUES ('159_18', '159', '18', '1', '1012');
INSERT INTO `tb_call` VALUES ('159_9', '159', '9', '1', '1012');
INSERT INTO `tb_call` VALUES ('15_1', '15', '1', '1', '1007');
INSERT INTO `tb_call` VALUES ('15_11', '15', '11', '1', '151');
INSERT INTO `tb_call` VALUES ('15_19', '15', '19', '1', '260');
INSERT INTO `tb_call` VALUES ('15_20', '15', '20', '1', '1007');
INSERT INTO `tb_call` VALUES ('15_4', '15', '4', '1', '260');
INSERT INTO `tb_call` VALUES ('15_8', '15', '8', '1', '151');
INSERT INTO `tb_call` VALUES ('160_10', '160', '10', '2', '1448');
INSERT INTO `tb_call` VALUES ('160_16', '160', '16', '1', '722');
INSERT INTO `tb_call` VALUES ('160_9', '160', '9', '1', '726');
INSERT INTO `tb_call` VALUES ('161_13', '161', '13', '1', '209');
INSERT INTO `tb_call` VALUES ('161_3', '161', '3', '1', '209');
INSERT INTO `tb_call` VALUES ('162_11', '162', '11', '1', '175');
INSERT INTO `tb_call` VALUES ('162_18', '162', '18', '1', '64');
INSERT INTO `tb_call` VALUES ('162_2', '162', '2', '1', '1125');
INSERT INTO `tb_call` VALUES ('162_5', '162', '5', '1', '1125');
INSERT INTO `tb_call` VALUES ('162_8', '162', '8', '2', '239');
INSERT INTO `tb_call` VALUES ('163_10', '163', '10', '1', '83');
INSERT INTO `tb_call` VALUES ('163_17', '163', '17', '1', '83');
INSERT INTO `tb_call` VALUES ('163_18', '163', '18', '1', '698');
INSERT INTO `tb_call` VALUES ('163_5', '163', '5', '1', '185');
INSERT INTO `tb_call` VALUES ('163_8', '163', '8', '2', '883');
INSERT INTO `tb_call` VALUES ('164_15', '164', '15', '1', '908');
INSERT INTO `tb_call` VALUES ('164_19', '164', '19', '1', '908');
INSERT INTO `tb_call` VALUES ('165_12', '165', '12', '1', '444');
INSERT INTO `tb_call` VALUES ('165_7', '165', '7', '1', '444');
INSERT INTO `tb_call` VALUES ('166_12', '166', '12', '1', '382');
INSERT INTO `tb_call` VALUES ('166_2', '166', '2', '1', '382');
INSERT INTO `tb_call` VALUES ('167_19', '167', '19', '1', '1000');
INSERT INTO `tb_call` VALUES ('167_2', '167', '2', '1', '254');
INSERT INTO `tb_call` VALUES ('167_20', '167', '20', '1', '1000');
INSERT INTO `tb_call` VALUES ('167_4', '167', '4', '1', '254');
INSERT INTO `tb_call` VALUES ('168_12', '168', '12', '1', '1182');
INSERT INTO `tb_call` VALUES ('168_8', '168', '8', '1', '1182');
INSERT INTO `tb_call` VALUES ('169_11', '169', '11', '1', '1010');
INSERT INTO `tb_call` VALUES ('169_2', '169', '2', '1', '1010');
INSERT INTO `tb_call` VALUES ('16_14', '16', '14', '1', '915');
INSERT INTO `tb_call` VALUES ('16_19', '16', '19', '1', '715');
INSERT INTO `tb_call` VALUES ('16_20', '16', '20', '1', '715');
INSERT INTO `tb_call` VALUES ('16_8', '16', '8', '1', '915');
INSERT INTO `tb_call` VALUES ('170_14', '170', '14', '1', '1072');
INSERT INTO `tb_call` VALUES ('170_17', '170', '17', '1', '1072');
INSERT INTO `tb_call` VALUES ('171_12', '171', '12', '1', '190');
INSERT INTO `tb_call` VALUES ('171_18', '171', '18', '1', '9');
INSERT INTO `tb_call` VALUES ('171_4', '171', '4', '1', '9');
INSERT INTO `tb_call` VALUES ('171_6', '171', '6', '1', '190');
INSERT INTO `tb_call` VALUES ('171_8', '171', '8', '1', '724');
INSERT INTO `tb_call` VALUES ('171_9', '171', '9', '1', '724');
INSERT INTO `tb_call` VALUES ('172_10', '172', '10', '1', '629');
INSERT INTO `tb_call` VALUES ('172_13', '172', '13', '1', '629');
INSERT INTO `tb_call` VALUES ('173_1', '173', '1', '1', '597');
INSERT INTO `tb_call` VALUES ('173_16', '173', '16', '1', '25');
INSERT INTO `tb_call` VALUES ('173_20', '173', '20', '2', '622');
INSERT INTO `tb_call` VALUES ('174_1', '174', '1', '1', '1082');
INSERT INTO `tb_call` VALUES ('174_10', '174', '10', '5', '3143');
INSERT INTO `tb_call` VALUES ('174_11', '174', '11', '8', '5662');
INSERT INTO `tb_call` VALUES ('174_12', '174', '12', '5', '3361');
INSERT INTO `tb_call` VALUES ('174_13', '174', '13', '4', '3695');
INSERT INTO `tb_call` VALUES ('174_14', '174', '14', '5', '2795');
INSERT INTO `tb_call` VALUES ('174_15', '174', '15', '5', '1597');
INSERT INTO `tb_call` VALUES ('174_16', '174', '16', '6', '3558');
INSERT INTO `tb_call` VALUES ('174_17', '174', '17', '6', '4047');
INSERT INTO `tb_call` VALUES ('174_18', '174', '18', '2', '1913');
INSERT INTO `tb_call` VALUES ('174_19', '174', '19', '1', '1106');
INSERT INTO `tb_call` VALUES ('174_2', '174', '2', '6', '3218');
INSERT INTO `tb_call` VALUES ('174_20', '174', '20', '2', '1268');
INSERT INTO `tb_call` VALUES ('174_3', '174', '3', '7', '5707');
INSERT INTO `tb_call` VALUES ('174_4', '174', '4', '5', '4119');
INSERT INTO `tb_call` VALUES ('174_5', '174', '5', '9', '5326');
INSERT INTO `tb_call` VALUES ('174_6', '174', '6', '2', '1337');
INSERT INTO `tb_call` VALUES ('174_7', '174', '7', '4', '3139');
INSERT INTO `tb_call` VALUES ('174_8', '174', '8', '5', '3002');
INSERT INTO `tb_call` VALUES ('174_9', '174', '9', '4', '2575');
INSERT INTO `tb_call` VALUES ('175_11', '175', '11', '1', '957');
INSERT INTO `tb_call` VALUES ('175_14', '175', '14', '1', '819');
INSERT INTO `tb_call` VALUES ('175_16', '175', '16', '1', '957');
INSERT INTO `tb_call` VALUES ('175_5', '175', '5', '1', '819');
INSERT INTO `tb_call` VALUES ('176_11', '176', '11', '1', '934');
INSERT INTO `tb_call` VALUES ('176_18', '176', '18', '1', '934');
INSERT INTO `tb_call` VALUES ('176_2', '176', '2', '1', '398');
INSERT INTO `tb_call` VALUES ('176_5', '176', '5', '1', '398');
INSERT INTO `tb_call` VALUES ('176_7', '176', '7', '1', '964');
INSERT INTO `tb_call` VALUES ('176_8', '176', '8', '1', '964');
INSERT INTO `tb_call` VALUES ('177_12', '177', '12', '1', '318');
INSERT INTO `tb_call` VALUES ('177_5', '177', '5', '1', '318');
INSERT INTO `tb_call` VALUES ('178_10', '178', '10', '1', '979');
INSERT INTO `tb_call` VALUES ('178_11', '178', '11', '1', '525');
INSERT INTO `tb_call` VALUES ('178_12', '178', '12', '1', '353');
INSERT INTO `tb_call` VALUES ('178_14', '178', '14', '1', '525');
INSERT INTO `tb_call` VALUES ('178_18', '178', '18', '1', '979');
INSERT INTO `tb_call` VALUES ('178_19', '178', '19', '1', '1106');
INSERT INTO `tb_call` VALUES ('178_5', '178', '5', '2', '1224');
INSERT INTO `tb_call` VALUES ('178_6', '178', '6', '1', '353');
INSERT INTO `tb_call` VALUES ('178_8', '178', '8', '1', '118');
INSERT INTO `tb_call` VALUES ('179_13', '179', '13', '1', '1195');
INSERT INTO `tb_call` VALUES ('179_17', '179', '17', '1', '1195');
INSERT INTO `tb_call` VALUES ('17_12', '17', '12', '1', '194');
INSERT INTO `tb_call` VALUES ('17_14', '17', '14', '1', '300');
INSERT INTO `tb_call` VALUES ('17_2', '17', '2', '1', '300');
INSERT INTO `tb_call` VALUES ('17_3', '17', '3', '1', '194');
INSERT INTO `tb_call` VALUES ('180_14', '180', '14', '1', '1097');
INSERT INTO `tb_call` VALUES ('180_16', '180', '16', '1', '399');
INSERT INTO `tb_call` VALUES ('180_2', '180', '2', '1', '1097');
INSERT INTO `tb_call` VALUES ('180_5', '180', '5', '1', '399');
INSERT INTO `tb_call` VALUES ('181_3', '181', '3', '1', '1068');
INSERT INTO `tb_call` VALUES ('181_5', '181', '5', '1', '1068');
INSERT INTO `tb_call` VALUES ('182_7', '182', '7', '1', '599');
INSERT INTO `tb_call` VALUES ('182_9', '182', '9', '1', '599');
INSERT INTO `tb_call` VALUES ('183_10', '183', '10', '1', '600');
INSERT INTO `tb_call` VALUES ('183_13', '183', '13', '1', '600');
INSERT INTO `tb_call` VALUES ('184_11', '184', '11', '1', '787');
INSERT INTO `tb_call` VALUES ('184_15', '184', '15', '1', '378');
INSERT INTO `tb_call` VALUES ('184_3', '184', '3', '1', '378');
INSERT INTO `tb_call` VALUES ('184_4', '184', '4', '1', '787');
INSERT INTO `tb_call` VALUES ('185_1', '185', '1', '1', '1082');
INSERT INTO `tb_call` VALUES ('185_11', '185', '11', '1', '491');
INSERT INTO `tb_call` VALUES ('185_2', '185', '2', '1', '1082');
INSERT INTO `tb_call` VALUES ('185_4', '185', '4', '1', '491');
INSERT INTO `tb_call` VALUES ('186_15', '186', '15', '1', '460');
INSERT INTO `tb_call` VALUES ('186_17', '186', '17', '1', '460');
INSERT INTO `tb_call` VALUES ('187_10', '187', '10', '1', '552');
INSERT INTO `tb_call` VALUES ('187_17', '187', '17', '1', '552');
INSERT INTO `tb_call` VALUES ('188_11', '188', '11', '1', '952');
INSERT INTO `tb_call` VALUES ('188_13', '188', '13', '1', '1133');
INSERT INTO `tb_call` VALUES ('188_17', '188', '17', '1', '952');
INSERT INTO `tb_call` VALUES ('188_3', '188', '3', '2', '1525');
INSERT INTO `tb_call` VALUES ('188_8', '188', '8', '1', '392');
INSERT INTO `tb_call` VALUES ('189_20', '189', '20', '1', '1003');
INSERT INTO `tb_call` VALUES ('189_4', '189', '4', '1', '1003');
INSERT INTO `tb_call` VALUES ('189_8', '189', '8', '1', '726');
INSERT INTO `tb_call` VALUES ('189_9', '189', '9', '1', '726');
INSERT INTO `tb_call` VALUES ('18_18', '18', '18', '1', '898');
INSERT INTO `tb_call` VALUES ('18_20', '18', '20', '1', '898');
INSERT INTO `tb_call` VALUES ('190_12', '190', '12', '1', '854');
INSERT INTO `tb_call` VALUES ('190_17', '190', '17', '1', '802');
INSERT INTO `tb_call` VALUES ('190_4', '190', '4', '1', '854');
INSERT INTO `tb_call` VALUES ('190_8', '190', '8', '1', '802');
INSERT INTO `tb_call` VALUES ('191_12', '191', '12', '1', '790');
INSERT INTO `tb_call` VALUES ('191_4', '191', '4', '1', '984');
INSERT INTO `tb_call` VALUES ('191_5', '191', '5', '1', '790');
INSERT INTO `tb_call` VALUES ('191_6', '191', '6', '1', '984');
INSERT INTO `tb_call` VALUES ('192_12', '192', '12', '1', '1046');
INSERT INTO `tb_call` VALUES ('192_15', '192', '15', '2', '449');
INSERT INTO `tb_call` VALUES ('192_16', '192', '16', '2', '1205');
INSERT INTO `tb_call` VALUES ('192_17', '192', '17', '1', '86');
INSERT INTO `tb_call` VALUES ('192_2', '192', '2', '2', '376');
INSERT INTO `tb_call` VALUES ('192_3', '192', '3', '1', '828');
INSERT INTO `tb_call` VALUES ('192_7', '192', '7', '1', '828');
INSERT INTO `tb_call` VALUES ('193_10', '193', '10', '1', '740');
INSERT INTO `tb_call` VALUES ('193_11', '193', '11', '1', '767');
INSERT INTO `tb_call` VALUES ('193_13', '193', '13', '1', '767');
INSERT INTO `tb_call` VALUES ('193_2', '193', '2', '1', '265');
INSERT INTO `tb_call` VALUES ('193_20', '193', '20', '1', '265');
INSERT INTO `tb_call` VALUES ('193_3', '193', '3', '1', '740');
INSERT INTO `tb_call` VALUES ('194_14', '194', '14', '1', '82');
INSERT INTO `tb_call` VALUES ('194_15', '194', '15', '1', '310');
INSERT INTO `tb_call` VALUES ('194_5', '194', '5', '1', '310');
INSERT INTO `tb_call` VALUES ('194_9', '194', '9', '1', '82');
INSERT INTO `tb_call` VALUES ('195_16', '195', '16', '1', '748');
INSERT INTO `tb_call` VALUES ('195_3', '195', '3', '1', '1168');
INSERT INTO `tb_call` VALUES ('195_7', '195', '7', '1', '748');
INSERT INTO `tb_call` VALUES ('195_9', '195', '9', '1', '1168');
INSERT INTO `tb_call` VALUES ('196_11', '196', '11', '1', '249');
INSERT INTO `tb_call` VALUES ('196_16', '196', '16', '1', '249');
INSERT INTO `tb_call` VALUES ('197_10', '197', '10', '1', '272');
INSERT INTO `tb_call` VALUES ('197_14', '197', '14', '1', '272');
INSERT INTO `tb_call` VALUES ('198_1', '198', '1', '1', '236');
INSERT INTO `tb_call` VALUES ('198_10', '198', '10', '6', '4188');
INSERT INTO `tb_call` VALUES ('198_11', '198', '11', '6', '2545');
INSERT INTO `tb_call` VALUES ('198_12', '198', '12', '8', '3449');
INSERT INTO `tb_call` VALUES ('198_13', '198', '13', '2', '2097');
INSERT INTO `tb_call` VALUES ('198_14', '198', '14', '5', '2623');
INSERT INTO `tb_call` VALUES ('198_15', '198', '15', '4', '1738');
INSERT INTO `tb_call` VALUES ('198_16', '198', '16', '4', '2763');
INSERT INTO `tb_call` VALUES ('198_17', '198', '17', '3', '1891');
INSERT INTO `tb_call` VALUES ('198_18', '198', '18', '4', '2783');
INSERT INTO `tb_call` VALUES ('198_19', '198', '19', '2', '1447');
INSERT INTO `tb_call` VALUES ('198_2', '198', '2', '2', '1760');
INSERT INTO `tb_call` VALUES ('198_20', '198', '20', '5', '2943');
INSERT INTO `tb_call` VALUES ('198_3', '198', '3', '1', '575');
INSERT INTO `tb_call` VALUES ('198_4', '198', '4', '3', '2002');
INSERT INTO `tb_call` VALUES ('198_5', '198', '5', '4', '2287');
INSERT INTO `tb_call` VALUES ('198_6', '198', '6', '1', '224');
INSERT INTO `tb_call` VALUES ('198_7', '198', '7', '3', '3380');
INSERT INTO `tb_call` VALUES ('198_8', '198', '8', '4', '3360');
INSERT INTO `tb_call` VALUES ('198_9', '198', '9', '2', '1857');
INSERT INTO `tb_call` VALUES ('199_16', '199', '16', '1', '347');
INSERT INTO `tb_call` VALUES ('199_8', '199', '8', '1', '347');
INSERT INTO `tb_call` VALUES ('19_11', '19', '11', '1', '973');
INSERT INTO `tb_call` VALUES ('19_12', '19', '12', '1', '795');
INSERT INTO `tb_call` VALUES ('19_17', '19', '17', '1', '973');
INSERT INTO `tb_call` VALUES ('19_3', '19', '3', '1', '795');
INSERT INTO `tb_call` VALUES ('1_1', '1', '1', '36', '19743');
INSERT INTO `tb_call` VALUES ('1_10', '1', '10', '53', '31838');
INSERT INTO `tb_call` VALUES ('1_11', '1', '11', '55', '31392');
INSERT INTO `tb_call` VALUES ('1_12', '1', '12', '41', '23472');
INSERT INTO `tb_call` VALUES ('1_13', '1', '13', '43', '29181');
INSERT INTO `tb_call` VALUES ('1_14', '1', '14', '40', '23558');
INSERT INTO `tb_call` VALUES ('1_15', '1', '15', '46', '23471');
INSERT INTO `tb_call` VALUES ('1_16', '1', '16', '45', '20695');
INSERT INTO `tb_call` VALUES ('1_17', '1', '17', '48', '32686');
INSERT INTO `tb_call` VALUES ('1_18', '1', '18', '41', '27064');
INSERT INTO `tb_call` VALUES ('1_19', '1', '19', '45', '25523');
INSERT INTO `tb_call` VALUES ('1_2', '1', '2', '46', '25867');
INSERT INTO `tb_call` VALUES ('1_20', '1', '20', '45', '27303');
INSERT INTO `tb_call` VALUES ('1_3', '1', '3', '37', '24366');
INSERT INTO `tb_call` VALUES ('1_4', '1', '4', '47', '28323');
INSERT INTO `tb_call` VALUES ('1_5', '1', '5', '56', '34781');
INSERT INTO `tb_call` VALUES ('1_6', '1', '6', '33', '18161');
INSERT INTO `tb_call` VALUES ('1_7', '1', '7', '37', '21558');
INSERT INTO `tb_call` VALUES ('1_8', '1', '8', '57', '35866');
INSERT INTO `tb_call` VALUES ('1_9', '1', '9', '43', '26294');
INSERT INTO `tb_call` VALUES ('200_10', '200', '10', '1', '315');
INSERT INTO `tb_call` VALUES ('200_12', '200', '12', '1', '239');
INSERT INTO `tb_call` VALUES ('200_4', '200', '4', '1', '315');
INSERT INTO `tb_call` VALUES ('200_5', '200', '5', '1', '239');
INSERT INTO `tb_call` VALUES ('201_13', '201', '13', '1', '1137');
INSERT INTO `tb_call` VALUES ('201_8', '201', '8', '1', '1137');
INSERT INTO `tb_call` VALUES ('202_12', '202', '12', '1', '556');
INSERT INTO `tb_call` VALUES ('202_15', '202', '15', '1', '1064');
INSERT INTO `tb_call` VALUES ('202_16', '202', '16', '1', '556');
INSERT INTO `tb_call` VALUES ('202_8', '202', '8', '1', '1064');
INSERT INTO `tb_call` VALUES ('203_12', '203', '12', '1', '255');
INSERT INTO `tb_call` VALUES ('203_15', '203', '15', '1', '489');
INSERT INTO `tb_call` VALUES ('203_20', '203', '20', '1', '255');
INSERT INTO `tb_call` VALUES ('203_4', '203', '4', '1', '489');
INSERT INTO `tb_call` VALUES ('204_19', '204', '19', '1', '501');
INSERT INTO `tb_call` VALUES ('204_20', '204', '20', '1', '501');
INSERT INTO `tb_call` VALUES ('205_17', '205', '17', '1', '1131');
INSERT INTO `tb_call` VALUES ('205_7', '205', '7', '1', '1131');
INSERT INTO `tb_call` VALUES ('206_11', '206', '11', '2', '1214');
INSERT INTO `tb_call` VALUES ('206_12', '206', '12', '1', '349');
INSERT INTO `tb_call` VALUES ('206_17', '206', '17', '1', '349');
INSERT INTO `tb_call` VALUES ('206_2', '206', '2', '1', '1089');
INSERT INTO `tb_call` VALUES ('206_5', '206', '5', '1', '125');
INSERT INTO `tb_call` VALUES ('207_12', '207', '12', '2', '1623');
INSERT INTO `tb_call` VALUES ('207_13', '207', '13', '1', '960');
INSERT INTO `tb_call` VALUES ('207_14', '207', '14', '1', '960');
INSERT INTO `tb_call` VALUES ('207_16', '207', '16', '1', '1048');
INSERT INTO `tb_call` VALUES ('207_3', '207', '3', '1', '575');
INSERT INTO `tb_call` VALUES ('207_7', '207', '7', '1', '1106');
INSERT INTO `tb_call` VALUES ('207_9', '207', '9', '1', '1106');
INSERT INTO `tb_call` VALUES ('208_11', '208', '11', '1', '380');
INSERT INTO `tb_call` VALUES ('208_14', '208', '14', '1', '380');
INSERT INTO `tb_call` VALUES ('209_16', '209', '16', '1', '812');
INSERT INTO `tb_call` VALUES ('209_20', '209', '20', '1', '725');
INSERT INTO `tb_call` VALUES ('209_5', '209', '5', '1', '725');
INSERT INTO `tb_call` VALUES ('209_8', '209', '8', '1', '812');
INSERT INTO `tb_call` VALUES ('20_14', '20', '14', '1', '818');
INSERT INTO `tb_call` VALUES ('20_18', '20', '18', '1', '120');
INSERT INTO `tb_call` VALUES ('20_5', '20', '5', '1', '120');
INSERT INTO `tb_call` VALUES ('20_6', '20', '6', '1', '818');
INSERT INTO `tb_call` VALUES ('210_10', '210', '10', '1', '1193');
INSERT INTO `tb_call` VALUES ('210_18', '210', '18', '1', '1193');
INSERT INTO `tb_call` VALUES ('211_12', '211', '12', '1', '256');
INSERT INTO `tb_call` VALUES ('211_14', '211', '14', '1', '256');
INSERT INTO `tb_call` VALUES ('212_11', '212', '11', '1', '411');
INSERT INTO `tb_call` VALUES ('212_17', '212', '17', '1', '411');
INSERT INTO `tb_call` VALUES ('212_18', '212', '18', '1', '946');
INSERT INTO `tb_call` VALUES ('212_19', '212', '19', '1', '946');
INSERT INTO `tb_call` VALUES ('213_15', '213', '15', '1', '14');
INSERT INTO `tb_call` VALUES ('213_18', '213', '18', '1', '14');
INSERT INTO `tb_call` VALUES ('214_10', '214', '10', '1', '630');
INSERT INTO `tb_call` VALUES ('214_18', '214', '18', '1', '630');
INSERT INTO `tb_call` VALUES ('215_10', '215', '10', '1', '1143');
INSERT INTO `tb_call` VALUES ('215_11', '215', '11', '1', '316');
INSERT INTO `tb_call` VALUES ('215_14', '215', '14', '1', '316');
INSERT INTO `tb_call` VALUES ('215_7', '215', '7', '1', '1143');
INSERT INTO `tb_call` VALUES ('216_1', '216', '1', '1', '236');
INSERT INTO `tb_call` VALUES ('216_10', '216', '10', '2', '907');
INSERT INTO `tb_call` VALUES ('216_2', '216', '2', '1', '671');
INSERT INTO `tb_call` VALUES ('217_11', '217', '11', '1', '224');
INSERT INTO `tb_call` VALUES ('217_12', '217', '12', '1', '171');
INSERT INTO `tb_call` VALUES ('217_14', '217', '14', '1', '711');
INSERT INTO `tb_call` VALUES ('217_15', '217', '15', '1', '171');
INSERT INTO `tb_call` VALUES ('217_20', '217', '20', '1', '711');
INSERT INTO `tb_call` VALUES ('217_6', '217', '6', '1', '224');
INSERT INTO `tb_call` VALUES ('218_20', '218', '20', '1', '751');
INSERT INTO `tb_call` VALUES ('218_4', '218', '4', '1', '1198');
INSERT INTO `tb_call` VALUES ('218_5', '218', '5', '1', '1198');
INSERT INTO `tb_call` VALUES ('218_9', '218', '9', '1', '751');
INSERT INTO `tb_call` VALUES ('219_1', '219', '1', '3', '960');
INSERT INTO `tb_call` VALUES ('219_10', '219', '10', '5', '2478');
INSERT INTO `tb_call` VALUES ('219_13', '219', '13', '5', '3405');
INSERT INTO `tb_call` VALUES ('219_14', '219', '14', '8', '3267');
INSERT INTO `tb_call` VALUES ('219_15', '219', '15', '4', '2097');
INSERT INTO `tb_call` VALUES ('219_16', '219', '16', '4', '505');
INSERT INTO `tb_call` VALUES ('219_17', '219', '17', '3', '2510');
INSERT INTO `tb_call` VALUES ('219_18', '219', '18', '3', '548');
INSERT INTO `tb_call` VALUES ('219_19', '219', '19', '3', '651');
INSERT INTO `tb_call` VALUES ('219_2', '219', '2', '3', '2553');
INSERT INTO `tb_call` VALUES ('219_20', '219', '20', '5', '2837');
INSERT INTO `tb_call` VALUES ('219_3', '219', '3', '2', '1389');
INSERT INTO `tb_call` VALUES ('219_4', '219', '4', '5', '2992');
INSERT INTO `tb_call` VALUES ('219_5', '219', '5', '4', '2526');
INSERT INTO `tb_call` VALUES ('219_6', '219', '6', '4', '1648');
INSERT INTO `tb_call` VALUES ('219_7', '219', '7', '2', '2040');
INSERT INTO `tb_call` VALUES ('219_8', '219', '8', '6', '3010');
INSERT INTO `tb_call` VALUES ('219_9', '219', '9', '3', '2086');
INSERT INTO `tb_call` VALUES ('21_11', '21', '11', '1', '779');
INSERT INTO `tb_call` VALUES ('21_19', '21', '19', '1', '1189');
INSERT INTO `tb_call` VALUES ('21_20', '21', '20', '1', '779');
INSERT INTO `tb_call` VALUES ('21_7', '21', '7', '1', '90');
INSERT INTO `tb_call` VALUES ('21_8', '21', '8', '1', '1189');
INSERT INTO `tb_call` VALUES ('21_9', '21', '9', '1', '90');
INSERT INTO `tb_call` VALUES ('220_10', '220', '10', '1', '7');
INSERT INTO `tb_call` VALUES ('220_13', '220', '13', '1', '986');
INSERT INTO `tb_call` VALUES ('220_14', '220', '14', '2', '993');
INSERT INTO `tb_call` VALUES ('220_15', '220', '15', '1', '105');
INSERT INTO `tb_call` VALUES ('220_16', '220', '16', '1', '105');
INSERT INTO `tb_call` VALUES ('221_16', '221', '16', '1', '117');
INSERT INTO `tb_call` VALUES ('221_19', '221', '19', '1', '117');
INSERT INTO `tb_call` VALUES ('221_3', '221', '3', '1', '770');
INSERT INTO `tb_call` VALUES ('221_4', '221', '4', '1', '770');
INSERT INTO `tb_call` VALUES ('222_10', '222', '10', '1', '987');
INSERT INTO `tb_call` VALUES ('222_9', '222', '9', '1', '987');
INSERT INTO `tb_call` VALUES ('223_20', '223', '20', '1', '144');
INSERT INTO `tb_call` VALUES ('223_8', '223', '8', '1', '144');
INSERT INTO `tb_call` VALUES ('224_15', '224', '15', '1', '1011');
INSERT INTO `tb_call` VALUES ('224_20', '224', '20', '1', '1067');
INSERT INTO `tb_call` VALUES ('224_5', '224', '5', '1', '1067');
INSERT INTO `tb_call` VALUES ('224_7', '224', '7', '1', '1011');
INSERT INTO `tb_call` VALUES ('225_3', '225', '3', '1', '619');
INSERT INTO `tb_call` VALUES ('225_4', '225', '4', '1', '619');
INSERT INTO `tb_call` VALUES ('226_15', '226', '15', '1', '430');
INSERT INTO `tb_call` VALUES ('226_18', '226', '18', '1', '430');
INSERT INTO `tb_call` VALUES ('227_20', '227', '20', '1', '485');
INSERT INTO `tb_call` VALUES ('227_6', '227', '6', '1', '485');
INSERT INTO `tb_call` VALUES ('228_13', '228', '13', '1', '1190');
INSERT INTO `tb_call` VALUES ('228_19', '228', '19', '1', '248');
INSERT INTO `tb_call` VALUES ('228_4', '228', '4', '1', '1190');
INSERT INTO `tb_call` VALUES ('228_5', '228', '5', '1', '248');
INSERT INTO `tb_call` VALUES ('229_17', '229', '17', '1', '1034');
INSERT INTO `tb_call` VALUES ('229_8', '229', '8', '1', '1034');
INSERT INTO `tb_call` VALUES ('22_14', '22', '14', '1', '1093');
INSERT INTO `tb_call` VALUES ('22_4', '22', '4', '1', '1093');
INSERT INTO `tb_call` VALUES ('230_13', '230', '13', '1', '63');
INSERT INTO `tb_call` VALUES ('230_14', '230', '14', '2', '1086');
INSERT INTO `tb_call` VALUES ('230_17', '230', '17', '1', '516');
INSERT INTO `tb_call` VALUES ('230_2', '230', '2', '2', '1877');
INSERT INTO `tb_call` VALUES ('230_20', '230', '20', '1', '854');
INSERT INTO `tb_call` VALUES ('230_6', '230', '6', '1', '516');
INSERT INTO `tb_call` VALUES ('231_14', '231', '14', '1', '1029');
INSERT INTO `tb_call` VALUES ('231_7', '231', '7', '1', '1029');
INSERT INTO `tb_call` VALUES ('232_1', '232', '1', '1', '139');
INSERT INTO `tb_call` VALUES ('232_4', '232', '4', '1', '360');
INSERT INTO `tb_call` VALUES ('232_6', '232', '6', '1', '360');
INSERT INTO `tb_call` VALUES ('232_9', '232', '9', '1', '139');
INSERT INTO `tb_call` VALUES ('233_10', '233', '10', '1', '892');
INSERT INTO `tb_call` VALUES ('233_20', '233', '20', '1', '287');
INSERT INTO `tb_call` VALUES ('233_6', '233', '6', '1', '287');
INSERT INTO `tb_call` VALUES ('233_8', '233', '8', '1', '892');
INSERT INTO `tb_call` VALUES ('234_13', '234', '13', '1', '281');
INSERT INTO `tb_call` VALUES ('234_14', '234', '14', '1', '110');
INSERT INTO `tb_call` VALUES ('234_16', '234', '16', '1', '281');
INSERT INTO `tb_call` VALUES ('234_18', '234', '18', '1', '110');
INSERT INTO `tb_call` VALUES ('235_17', '235', '17', '1', '960');
INSERT INTO `tb_call` VALUES ('235_9', '235', '9', '1', '960');
INSERT INTO `tb_call` VALUES ('236_1', '236', '1', '1', '535');
INSERT INTO `tb_call` VALUES ('236_10', '236', '10', '1', '551');
INSERT INTO `tb_call` VALUES ('236_15', '236', '15', '1', '551');
INSERT INTO `tb_call` VALUES ('236_16', '236', '16', '1', '2');
INSERT INTO `tb_call` VALUES ('236_5', '236', '5', '1', '535');
INSERT INTO `tb_call` VALUES ('236_8', '236', '8', '1', '2');
INSERT INTO `tb_call` VALUES ('237_10', '237', '10', '1', '41');
INSERT INTO `tb_call` VALUES ('237_14', '237', '14', '1', '41');
INSERT INTO `tb_call` VALUES ('237_2', '237', '2', '1', '676');
INSERT INTO `tb_call` VALUES ('237_5', '237', '5', '1', '676');
INSERT INTO `tb_call` VALUES ('238_14', '238', '14', '1', '8');
INSERT INTO `tb_call` VALUES ('238_18', '238', '18', '1', '8');
INSERT INTO `tb_call` VALUES ('239_13', '239', '13', '1', '885');
INSERT INTO `tb_call` VALUES ('239_8', '239', '8', '1', '885');
INSERT INTO `tb_call` VALUES ('23_1', '23', '1', '1', '550');
INSERT INTO `tb_call` VALUES ('23_14', '23', '14', '1', '550');
INSERT INTO `tb_call` VALUES ('23_16', '23', '16', '1', '493');
INSERT INTO `tb_call` VALUES ('23_19', '23', '19', '1', '493');
INSERT INTO `tb_call` VALUES ('240_1', '240', '1', '1', '286');
INSERT INTO `tb_call` VALUES ('240_19', '240', '19', '1', '286');
INSERT INTO `tb_call` VALUES ('240_4', '240', '4', '1', '53');
INSERT INTO `tb_call` VALUES ('240_8', '240', '8', '1', '53');
INSERT INTO `tb_call` VALUES ('241_1', '241', '1', '3', '1016');
INSERT INTO `tb_call` VALUES ('241_10', '241', '10', '3', '561');
INSERT INTO `tb_call` VALUES ('241_11', '241', '11', '7', '3551');
INSERT INTO `tb_call` VALUES ('241_12', '241', '12', '3', '1838');
INSERT INTO `tb_call` VALUES ('241_13', '241', '13', '3', '1858');
INSERT INTO `tb_call` VALUES ('241_14', '241', '14', '2', '974');
INSERT INTO `tb_call` VALUES ('241_15', '241', '15', '4', '1758');
INSERT INTO `tb_call` VALUES ('241_16', '241', '16', '3', '2326');
INSERT INTO `tb_call` VALUES ('241_17', '241', '17', '3', '1364');
INSERT INTO `tb_call` VALUES ('241_18', '241', '18', '1', '1025');
INSERT INTO `tb_call` VALUES ('241_19', '241', '19', '3', '1865');
INSERT INTO `tb_call` VALUES ('241_2', '241', '2', '5', '2233');
INSERT INTO `tb_call` VALUES ('241_20', '241', '20', '6', '3789');
INSERT INTO `tb_call` VALUES ('241_3', '241', '3', '5', '3536');
INSERT INTO `tb_call` VALUES ('241_4', '241', '4', '4', '1960');
INSERT INTO `tb_call` VALUES ('241_5', '241', '5', '2', '1626');
INSERT INTO `tb_call` VALUES ('241_6', '241', '6', '1', '722');
INSERT INTO `tb_call` VALUES ('241_7', '241', '7', '6', '2998');
INSERT INTO `tb_call` VALUES ('241_8', '241', '8', '8', '5539');
INSERT INTO `tb_call` VALUES ('241_9', '241', '9', '4', '299');
INSERT INTO `tb_call` VALUES ('242_12', '242', '12', '1', '441');
INSERT INTO `tb_call` VALUES ('242_4', '242', '4', '1', '441');
INSERT INTO `tb_call` VALUES ('243_11', '243', '11', '1', '1037');
INSERT INTO `tb_call` VALUES ('243_13', '243', '13', '1', '896');
INSERT INTO `tb_call` VALUES ('243_3', '243', '3', '1', '1037');
INSERT INTO `tb_call` VALUES ('243_8', '243', '8', '1', '896');
INSERT INTO `tb_call` VALUES ('244_19', '244', '19', '1', '1009');
INSERT INTO `tb_call` VALUES ('244_2', '244', '2', '1', '1167');
INSERT INTO `tb_call` VALUES ('244_7', '244', '7', '1', '1009');
INSERT INTO `tb_call` VALUES ('244_8', '244', '8', '1', '1167');
INSERT INTO `tb_call` VALUES ('245_11', '245', '11', '1', '577');
INSERT INTO `tb_call` VALUES ('245_17', '245', '17', '1', '181');
INSERT INTO `tb_call` VALUES ('245_2', '245', '2', '1', '181');
INSERT INTO `tb_call` VALUES ('245_6', '245', '6', '1', '722');
INSERT INTO `tb_call` VALUES ('245_7', '245', '7', '1', '577');
INSERT INTO `tb_call` VALUES ('245_8', '245', '8', '1', '722');
INSERT INTO `tb_call` VALUES ('246_11', '246', '11', '1', '108');
INSERT INTO `tb_call` VALUES ('246_2', '246', '2', '1', '536');
INSERT INTO `tb_call` VALUES ('246_8', '246', '8', '1', '536');
INSERT INTO `tb_call` VALUES ('246_9', '246', '9', '1', '108');
INSERT INTO `tb_call` VALUES ('247_4', '247', '4', '1', '547');
INSERT INTO `tb_call` VALUES ('247_5', '247', '5', '1', '547');
INSERT INTO `tb_call` VALUES ('248_15', '248', '15', '1', '724');
INSERT INTO `tb_call` VALUES ('248_20', '248', '20', '1', '724');
INSERT INTO `tb_call` VALUES ('249_11', '249', '11', '1', '63');
INSERT INTO `tb_call` VALUES ('249_16', '249', '16', '1', '534');
INSERT INTO `tb_call` VALUES ('249_7', '249', '7', '2', '597');
INSERT INTO `tb_call` VALUES ('24_1', '24', '1', '2', '719');
INSERT INTO `tb_call` VALUES ('24_10', '24', '10', '4', '2732');
INSERT INTO `tb_call` VALUES ('24_11', '24', '11', '3', '1116');
INSERT INTO `tb_call` VALUES ('24_12', '24', '12', '2', '1153');
INSERT INTO `tb_call` VALUES ('24_13', '24', '13', '4', '1947');
INSERT INTO `tb_call` VALUES ('24_14', '24', '14', '2', '2128');
INSERT INTO `tb_call` VALUES ('24_15', '24', '15', '6', '2663');
INSERT INTO `tb_call` VALUES ('24_16', '24', '16', '1', '217');
INSERT INTO `tb_call` VALUES ('24_17', '24', '17', '2', '1244');
INSERT INTO `tb_call` VALUES ('24_19', '24', '19', '3', '884');
INSERT INTO `tb_call` VALUES ('24_2', '24', '2', '7', '2825');
INSERT INTO `tb_call` VALUES ('24_20', '24', '20', '3', '1115');
INSERT INTO `tb_call` VALUES ('24_3', '24', '3', '2', '1296');
INSERT INTO `tb_call` VALUES ('24_4', '24', '4', '3', '2279');
INSERT INTO `tb_call` VALUES ('24_5', '24', '5', '7', '4114');
INSERT INTO `tb_call` VALUES ('24_6', '24', '6', '6', '3853');
INSERT INTO `tb_call` VALUES ('24_7', '24', '7', '3', '1742');
INSERT INTO `tb_call` VALUES ('24_8', '24', '8', '4', '2206');
INSERT INTO `tb_call` VALUES ('24_9', '24', '9', '8', '5033');
INSERT INTO `tb_call` VALUES ('250_20', '250', '20', '1', '1079');
INSERT INTO `tb_call` VALUES ('250_5', '250', '5', '1', '1079');
INSERT INTO `tb_call` VALUES ('251_11', '251', '11', '1', '818');
INSERT INTO `tb_call` VALUES ('251_16', '251', '16', '1', '818');
INSERT INTO `tb_call` VALUES ('252_1', '252', '1', '1', '814');
INSERT INTO `tb_call` VALUES ('252_20', '252', '20', '1', '814');
INSERT INTO `tb_call` VALUES ('253_10', '253', '10', '1', '156');
INSERT INTO `tb_call` VALUES ('253_11', '253', '11', '1', '316');
INSERT INTO `tb_call` VALUES ('253_19', '253', '19', '1', '224');
INSERT INTO `tb_call` VALUES ('253_2', '253', '2', '1', '316');
INSERT INTO `tb_call` VALUES ('253_20', '253', '20', '1', '597');
INSERT INTO `tb_call` VALUES ('253_7', '253', '7', '1', '224');
INSERT INTO `tb_call` VALUES ('253_8', '253', '8', '1', '597');
INSERT INTO `tb_call` VALUES ('253_9', '253', '9', '1', '156');
INSERT INTO `tb_call` VALUES ('254_10', '254', '10', '1', '372');
INSERT INTO `tb_call` VALUES ('254_12', '254', '12', '1', '372');
INSERT INTO `tb_call` VALUES ('255_13', '255', '13', '1', '803');
INSERT INTO `tb_call` VALUES ('255_14', '255', '14', '1', '803');
INSERT INTO `tb_call` VALUES ('256_15', '256', '15', '2', '1030');
INSERT INTO `tb_call` VALUES ('256_8', '256', '8', '2', '1030');
INSERT INTO `tb_call` VALUES ('257_1', '257', '1', '1', '31');
INSERT INTO `tb_call` VALUES ('257_11', '257', '11', '1', '632');
INSERT INTO `tb_call` VALUES ('257_15', '257', '15', '1', '4');
INSERT INTO `tb_call` VALUES ('257_19', '257', '19', '1', '632');
INSERT INTO `tb_call` VALUES ('257_20', '257', '20', '1', '523');
INSERT INTO `tb_call` VALUES ('257_4', '257', '4', '1', '523');
INSERT INTO `tb_call` VALUES ('257_9', '257', '9', '2', '35');
INSERT INTO `tb_call` VALUES ('258_20', '258', '20', '1', '52');
INSERT INTO `tb_call` VALUES ('258_3', '258', '3', '1', '52');
INSERT INTO `tb_call` VALUES ('258_7', '258', '7', '1', '591');
INSERT INTO `tb_call` VALUES ('258_8', '258', '8', '1', '591');
INSERT INTO `tb_call` VALUES ('259_17', '259', '17', '1', '1024');
INSERT INTO `tb_call` VALUES ('259_3', '259', '3', '1', '1024');
INSERT INTO `tb_call` VALUES ('25_11', '25', '11', '1', '369');
INSERT INTO `tb_call` VALUES ('25_15', '25', '15', '1', '426');
INSERT INTO `tb_call` VALUES ('25_7', '25', '7', '1', '426');
INSERT INTO `tb_call` VALUES ('25_9', '25', '9', '1', '369');
INSERT INTO `tb_call` VALUES ('260_3', '260', '3', '1', '449');
INSERT INTO `tb_call` VALUES ('260_4', '260', '4', '1', '449');
INSERT INTO `tb_call` VALUES ('261_10', '261', '10', '1', '33');
INSERT INTO `tb_call` VALUES ('261_12', '261', '12', '1', '1025');
INSERT INTO `tb_call` VALUES ('261_18', '261', '18', '1', '1025');
INSERT INTO `tb_call` VALUES ('261_2', '261', '2', '1', '33');
INSERT INTO `tb_call` VALUES ('262_1', '262', '1', '1', '171');
INSERT INTO `tb_call` VALUES ('262_13', '262', '13', '1', '159');
INSERT INTO `tb_call` VALUES ('262_14', '262', '14', '1', '171');
INSERT INTO `tb_call` VALUES ('262_16', '262', '16', '1', '974');
INSERT INTO `tb_call` VALUES ('262_17', '262', '17', '1', '159');
INSERT INTO `tb_call` VALUES ('262_3', '262', '3', '1', '974');
INSERT INTO `tb_call` VALUES ('26_2', '26', '2', '1', '251');
INSERT INTO `tb_call` VALUES ('26_20', '26', '20', '1', '195');
INSERT INTO `tb_call` VALUES ('26_5', '26', '5', '2', '957');
INSERT INTO `tb_call` VALUES ('26_6', '26', '6', '2', '1013');
INSERT INTO `tb_call` VALUES ('27_3', '27', '3', '1', '737');
INSERT INTO `tb_call` VALUES ('27_4', '27', '4', '1', '737');
INSERT INTO `tb_call` VALUES ('28_10', '28', '10', '1', '559');
INSERT INTO `tb_call` VALUES ('28_17', '28', '17', '1', '146');
INSERT INTO `tb_call` VALUES ('28_3', '28', '3', '1', '559');
INSERT INTO `tb_call` VALUES ('28_6', '28', '6', '1', '146');
INSERT INTO `tb_call` VALUES ('29_2', '29', '2', '1', '130');
INSERT INTO `tb_call` VALUES ('29_8', '29', '8', '1', '130');
INSERT INTO `tb_call` VALUES ('2_1', '2', '1', '5', '3959');
INSERT INTO `tb_call` VALUES ('2_10', '2', '10', '2', '1269');
INSERT INTO `tb_call` VALUES ('2_11', '2', '11', '6', '3974');
INSERT INTO `tb_call` VALUES ('2_12', '2', '12', '5', '3480');
INSERT INTO `tb_call` VALUES ('2_13', '2', '13', '2', '1565');
INSERT INTO `tb_call` VALUES ('2_14', '2', '14', '9', '5911');
INSERT INTO `tb_call` VALUES ('2_15', '2', '15', '1', '345');
INSERT INTO `tb_call` VALUES ('2_16', '2', '16', '1', '493');
INSERT INTO `tb_call` VALUES ('2_17', '2', '17', '6', '4325');
INSERT INTO `tb_call` VALUES ('2_18', '2', '18', '3', '1549');
INSERT INTO `tb_call` VALUES ('2_19', '2', '19', '7', '4464');
INSERT INTO `tb_call` VALUES ('2_2', '2', '2', '2', '1285');
INSERT INTO `tb_call` VALUES ('2_20', '2', '20', '6', '4848');
INSERT INTO `tb_call` VALUES ('2_3', '2', '3', '5', '2465');
INSERT INTO `tb_call` VALUES ('2_4', '2', '4', '3', '2458');
INSERT INTO `tb_call` VALUES ('2_5', '2', '5', '2', '465');
INSERT INTO `tb_call` VALUES ('2_6', '2', '6', '4', '2868');
INSERT INTO `tb_call` VALUES ('2_7', '2', '7', '1', '90');
INSERT INTO `tb_call` VALUES ('2_8', '2', '8', '7', '5039');
INSERT INTO `tb_call` VALUES ('2_9', '2', '9', '3', '1812');
INSERT INTO `tb_call` VALUES ('30_1', '30', '1', '1', '633');
INSERT INTO `tb_call` VALUES ('30_19', '30', '19', '1', '320');
INSERT INTO `tb_call` VALUES ('30_2', '30', '2', '1', '320');
INSERT INTO `tb_call` VALUES ('30_9', '30', '9', '1', '633');
INSERT INTO `tb_call` VALUES ('31_2', '31', '2', '1', '293');
INSERT INTO `tb_call` VALUES ('31_20', '31', '20', '1', '293');
INSERT INTO `tb_call` VALUES ('32_19', '32', '19', '1', '394');
INSERT INTO `tb_call` VALUES ('32_4', '32', '4', '1', '394');
INSERT INTO `tb_call` VALUES ('33_10', '33', '10', '1', '1098');
INSERT INTO `tb_call` VALUES ('33_14', '33', '14', '1', '1145');
INSERT INTO `tb_call` VALUES ('33_5', '33', '5', '1', '1145');
INSERT INTO `tb_call` VALUES ('33_9', '33', '9', '1', '1098');
INSERT INTO `tb_call` VALUES ('34_12', '34', '12', '1', '983');
INSERT INTO `tb_call` VALUES ('34_14', '34', '14', '1', '983');
INSERT INTO `tb_call` VALUES ('35_13', '35', '13', '1', '976');
INSERT INTO `tb_call` VALUES ('35_8', '35', '8', '1', '976');
INSERT INTO `tb_call` VALUES ('36_15', '36', '15', '1', '62');
INSERT INTO `tb_call` VALUES ('36_6', '36', '6', '1', '1125');
INSERT INTO `tb_call` VALUES ('36_9', '36', '9', '2', '1187');
INSERT INTO `tb_call` VALUES ('37_15', '37', '15', '1', '371');
INSERT INTO `tb_call` VALUES ('37_5', '37', '5', '1', '499');
INSERT INTO `tb_call` VALUES ('37_6', '37', '6', '1', '499');
INSERT INTO `tb_call` VALUES ('37_8', '37', '8', '1', '371');
INSERT INTO `tb_call` VALUES ('38_10', '38', '10', '1', '844');
INSERT INTO `tb_call` VALUES ('38_2', '38', '2', '1', '1148');
INSERT INTO `tb_call` VALUES ('38_4', '38', '4', '1', '1148');
INSERT INTO `tb_call` VALUES ('38_5', '38', '5', '1', '844');
INSERT INTO `tb_call` VALUES ('39_15', '39', '15', '1', '1070');
INSERT INTO `tb_call` VALUES ('39_6', '39', '6', '1', '1070');
INSERT INTO `tb_call` VALUES ('39_7', '39', '7', '1', '729');
INSERT INTO `tb_call` VALUES ('39_8', '39', '8', '1', '729');
INSERT INTO `tb_call` VALUES ('3_1', '3', '1', '1', '684');
INSERT INTO `tb_call` VALUES ('3_11', '3', '11', '1', '684');
INSERT INTO `tb_call` VALUES ('3_12', '3', '12', '2', '1391');
INSERT INTO `tb_call` VALUES ('3_13', '3', '13', '1', '992');
INSERT INTO `tb_call` VALUES ('3_17', '3', '17', '1', '645');
INSERT INTO `tb_call` VALUES ('3_19', '3', '19', '1', '645');
INSERT INTO `tb_call` VALUES ('3_8', '3', '8', '2', '1503');
INSERT INTO `tb_call` VALUES ('3_9', '3', '9', '1', '1104');
INSERT INTO `tb_call` VALUES ('40_15', '40', '15', '1', '648');
INSERT INTO `tb_call` VALUES ('40_5', '40', '5', '1', '648');
INSERT INTO `tb_call` VALUES ('41_10', '41', '10', '1', '231');
INSERT INTO `tb_call` VALUES ('41_13', '41', '13', '1', '231');
INSERT INTO `tb_call` VALUES ('42_1', '42', '1', '1', '86');
INSERT INTO `tb_call` VALUES ('42_12', '42', '12', '1', '170');
INSERT INTO `tb_call` VALUES ('42_15', '42', '15', '1', '86');
INSERT INTO `tb_call` VALUES ('42_19', '42', '19', '1', '170');
INSERT INTO `tb_call` VALUES ('43_17', '43', '17', '1', '1098');
INSERT INTO `tb_call` VALUES ('43_9', '43', '9', '1', '1098');
INSERT INTO `tb_call` VALUES ('44_11', '44', '11', '2', '747');
INSERT INTO `tb_call` VALUES ('44_13', '44', '13', '1', '217');
INSERT INTO `tb_call` VALUES ('44_16', '44', '16', '1', '217');
INSERT INTO `tb_call` VALUES ('44_2', '44', '2', '1', '160');
INSERT INTO `tb_call` VALUES ('44_20', '44', '20', '1', '627');
INSERT INTO `tb_call` VALUES ('44_7', '44', '7', '1', '587');
INSERT INTO `tb_call` VALUES ('44_9', '44', '9', '1', '627');
INSERT INTO `tb_call` VALUES ('45_13', '45', '13', '1', '523');
INSERT INTO `tb_call` VALUES ('45_2', '45', '2', '1', '523');
INSERT INTO `tb_call` VALUES ('45_5', '45', '5', '1', '21');
INSERT INTO `tb_call` VALUES ('45_9', '45', '9', '1', '21');
INSERT INTO `tb_call` VALUES ('46_1', '46', '1', '6', '3534');
INSERT INTO `tb_call` VALUES ('46_10', '46', '10', '7', '3854');
INSERT INTO `tb_call` VALUES ('46_11', '46', '11', '7', '4461');
INSERT INTO `tb_call` VALUES ('46_12', '46', '12', '1', '264');
INSERT INTO `tb_call` VALUES ('46_13', '46', '13', '4', '3000');
INSERT INTO `tb_call` VALUES ('46_14', '46', '14', '2', '1351');
INSERT INTO `tb_call` VALUES ('46_15', '46', '15', '6', '4527');
INSERT INTO `tb_call` VALUES ('46_16', '46', '16', '10', '4389');
INSERT INTO `tb_call` VALUES ('46_17', '46', '17', '4', '4089');
INSERT INTO `tb_call` VALUES ('46_18', '46', '18', '7', '5896');
INSERT INTO `tb_call` VALUES ('46_19', '46', '19', '2', '1178');
INSERT INTO `tb_call` VALUES ('46_2', '46', '2', '4', '1188');
INSERT INTO `tb_call` VALUES ('46_20', '46', '20', '5', '4722');
INSERT INTO `tb_call` VALUES ('46_3', '46', '3', '3', '2708');
INSERT INTO `tb_call` VALUES ('46_4', '46', '4', '4', '2229');
INSERT INTO `tb_call` VALUES ('46_5', '46', '5', '5', '2960');
INSERT INTO `tb_call` VALUES ('46_6', '46', '6', '3', '1612');
INSERT INTO `tb_call` VALUES ('46_7', '46', '7', '5', '2918');
INSERT INTO `tb_call` VALUES ('46_8', '46', '8', '2', '516');
INSERT INTO `tb_call` VALUES ('46_9', '46', '9', '1', '938');
INSERT INTO `tb_call` VALUES ('47_2', '47', '2', '1', '155');
INSERT INTO `tb_call` VALUES ('47_6', '47', '6', '1', '155');
INSERT INTO `tb_call` VALUES ('48_10', '48', '10', '1', '443');
INSERT INTO `tb_call` VALUES ('48_11', '48', '11', '2', '1456');
INSERT INTO `tb_call` VALUES ('48_15', '48', '15', '1', '1095');
INSERT INTO `tb_call` VALUES ('48_16', '48', '16', '1', '361');
INSERT INTO `tb_call` VALUES ('48_8', '48', '8', '1', '443');
INSERT INTO `tb_call` VALUES ('49_15', '49', '15', '1', '550');
INSERT INTO `tb_call` VALUES ('49_2', '49', '2', '1', '550');
INSERT INTO `tb_call` VALUES ('4_10', '4', '10', '1', '573');
INSERT INTO `tb_call` VALUES ('4_13', '4', '13', '1', '573');
INSERT INTO `tb_call` VALUES ('50_1', '50', '1', '1', '394');
INSERT INTO `tb_call` VALUES ('50_11', '50', '11', '1', '394');
INSERT INTO `tb_call` VALUES ('50_2', '50', '2', '1', '444');
INSERT INTO `tb_call` VALUES ('50_7', '50', '7', '1', '444');
INSERT INTO `tb_call` VALUES ('51_13', '51', '13', '1', '997');
INSERT INTO `tb_call` VALUES ('51_17', '51', '17', '1', '997');
INSERT INTO `tb_call` VALUES ('51_19', '51', '19', '1', '786');
INSERT INTO `tb_call` VALUES ('51_20', '51', '20', '1', '786');
INSERT INTO `tb_call` VALUES ('52_11', '52', '11', '1', '1176');
INSERT INTO `tb_call` VALUES ('52_14', '52', '14', '1', '1035');
INSERT INTO `tb_call` VALUES ('52_18', '52', '18', '1', '1035');
INSERT INTO `tb_call` VALUES ('52_20', '52', '20', '2', '1770');
INSERT INTO `tb_call` VALUES ('52_4', '52', '4', '1', '586');
INSERT INTO `tb_call` VALUES ('52_5', '52', '5', '1', '594');
INSERT INTO `tb_call` VALUES ('52_6', '52', '6', '1', '586');
INSERT INTO `tb_call` VALUES ('53_17', '53', '17', '1', '938');
INSERT INTO `tb_call` VALUES ('53_2', '53', '2', '1', '39');
INSERT INTO `tb_call` VALUES ('53_5', '53', '5', '1', '39');
INSERT INTO `tb_call` VALUES ('53_9', '53', '9', '1', '938');
INSERT INTO `tb_call` VALUES ('54_10', '54', '10', '1', '1161');
INSERT INTO `tb_call` VALUES ('54_11', '54', '11', '1', '824');
INSERT INTO `tb_call` VALUES ('54_13', '54', '13', '2', '1168');
INSERT INTO `tb_call` VALUES ('54_16', '54', '16', '1', '979');
INSERT INTO `tb_call` VALUES ('54_20', '54', '20', '1', '979');
INSERT INTO `tb_call` VALUES ('54_4', '54', '4', '1', '344');
INSERT INTO `tb_call` VALUES ('54_5', '54', '5', '1', '1161');
INSERT INTO `tb_call` VALUES ('55_11', '55', '11', '1', '555');
INSERT INTO `tb_call` VALUES ('55_16', '55', '16', '1', '555');
INSERT INTO `tb_call` VALUES ('56_13', '56', '13', '1', '835');
INSERT INTO `tb_call` VALUES ('56_16', '56', '16', '3', '1304');
INSERT INTO `tb_call` VALUES ('56_18', '56', '18', '1', '835');
INSERT INTO `tb_call` VALUES ('56_5', '56', '5', '1', '35');
INSERT INTO `tb_call` VALUES ('56_7', '56', '7', '2', '1269');
INSERT INTO `tb_call` VALUES ('57_14', '57', '14', '1', '316');
INSERT INTO `tb_call` VALUES ('57_18', '57', '18', '1', '316');
INSERT INTO `tb_call` VALUES ('58_18', '58', '18', '1', '1158');
INSERT INTO `tb_call` VALUES ('58_20', '58', '20', '1', '1187');
INSERT INTO `tb_call` VALUES ('58_3', '58', '3', '2', '2345');
INSERT INTO `tb_call` VALUES ('59_15', '59', '15', '1', '1058');
INSERT INTO `tb_call` VALUES ('59_18', '59', '18', '1', '1058');
INSERT INTO `tb_call` VALUES ('5_14', '5', '14', '1', '618');
INSERT INTO `tb_call` VALUES ('5_3', '5', '3', '1', '768');
INSERT INTO `tb_call` VALUES ('5_6', '5', '6', '1', '768');
INSERT INTO `tb_call` VALUES ('5_9', '5', '9', '1', '618');
INSERT INTO `tb_call` VALUES ('60_18', '60', '18', '1', '363');
INSERT INTO `tb_call` VALUES ('60_3', '60', '3', '1', '363');
INSERT INTO `tb_call` VALUES ('61_1', '61', '1', '1', '740');
INSERT INTO `tb_call` VALUES ('61_10', '61', '10', '1', '433');
INSERT INTO `tb_call` VALUES ('61_16', '61', '16', '1', '433');
INSERT INTO `tb_call` VALUES ('61_4', '61', '4', '1', '740');
INSERT INTO `tb_call` VALUES ('62_1', '62', '1', '1', '1113');
INSERT INTO `tb_call` VALUES ('62_17', '62', '17', '1', '1113');
INSERT INTO `tb_call` VALUES ('63_11', '63', '11', '1', '56');
INSERT INTO `tb_call` VALUES ('63_12', '63', '12', '1', '264');
INSERT INTO `tb_call` VALUES ('63_15', '63', '15', '2', '1305');
INSERT INTO `tb_call` VALUES ('63_16', '63', '16', '2', '129');
INSERT INTO `tb_call` VALUES ('63_17', '63', '17', '1', '1041');
INSERT INTO `tb_call` VALUES ('63_8', '63', '8', '1', '73');
INSERT INTO `tb_call` VALUES ('64_18', '64', '18', '1', '1131');
INSERT INTO `tb_call` VALUES ('64_5', '64', '5', '1', '1131');
INSERT INTO `tb_call` VALUES ('65_1', '65', '1', '1', '24');
INSERT INTO `tb_call` VALUES ('65_10', '65', '10', '2', '543');
INSERT INTO `tb_call` VALUES ('65_15', '65', '15', '1', '519');
INSERT INTO `tb_call` VALUES ('66_10', '66', '10', '2', '1274');
INSERT INTO `tb_call` VALUES ('66_16', '66', '16', '1', '628');
INSERT INTO `tb_call` VALUES ('66_7', '66', '7', '1', '646');
INSERT INTO `tb_call` VALUES ('67_4', '67', '4', '1', '559');
INSERT INTO `tb_call` VALUES ('67_7', '67', '7', '1', '559');
INSERT INTO `tb_call` VALUES ('68_1', '68', '1', '2', '1263');
INSERT INTO `tb_call` VALUES ('68_19', '68', '19', '1', '392');
INSERT INTO `tb_call` VALUES ('68_6', '68', '6', '1', '871');
INSERT INTO `tb_call` VALUES ('69_1', '69', '1', '3', '1165');
INSERT INTO `tb_call` VALUES ('69_10', '69', '10', '2', '1413');
INSERT INTO `tb_call` VALUES ('69_11', '69', '11', '4', '2161');
INSERT INTO `tb_call` VALUES ('69_12', '69', '12', '5', '3410');
INSERT INTO `tb_call` VALUES ('69_13', '69', '13', '3', '2851');
INSERT INTO `tb_call` VALUES ('69_14', '69', '14', '2', '855');
INSERT INTO `tb_call` VALUES ('69_15', '69', '15', '2', '475');
INSERT INTO `tb_call` VALUES ('69_16', '69', '16', '2', '676');
INSERT INTO `tb_call` VALUES ('69_17', '69', '17', '3', '1980');
INSERT INTO `tb_call` VALUES ('69_18', '69', '18', '2', '1715');
INSERT INTO `tb_call` VALUES ('69_19', '69', '19', '8', '3299');
INSERT INTO `tb_call` VALUES ('69_2', '69', '2', '2', '1518');
INSERT INTO `tb_call` VALUES ('69_20', '69', '20', '3', '1057');
INSERT INTO `tb_call` VALUES ('69_3', '69', '3', '4', '3062');
INSERT INTO `tb_call` VALUES ('69_4', '69', '4', '7', '2956');
INSERT INTO `tb_call` VALUES ('69_5', '69', '5', '2', '1073');
INSERT INTO `tb_call` VALUES ('69_6', '69', '6', '1', '392');
INSERT INTO `tb_call` VALUES ('69_7', '69', '7', '1', '404');
INSERT INTO `tb_call` VALUES ('69_8', '69', '8', '3', '2653');
INSERT INTO `tb_call` VALUES ('69_9', '69', '9', '1', '413');
INSERT INTO `tb_call` VALUES ('6_1', '6', '1', '1', '618');
INSERT INTO `tb_call` VALUES ('6_11', '6', '11', '1', '618');
INSERT INTO `tb_call` VALUES ('6_18', '6', '18', '1', '531');
INSERT INTO `tb_call` VALUES ('6_3', '6', '3', '1', '531');
INSERT INTO `tb_call` VALUES ('70_10', '70', '10', '1', '962');
INSERT INTO `tb_call` VALUES ('70_12', '70', '12', '1', '962');
INSERT INTO `tb_call` VALUES ('71_20', '71', '20', '1', '521');
INSERT INTO `tb_call` VALUES ('71_3', '71', '3', '1', '344');
INSERT INTO `tb_call` VALUES ('71_4', '71', '4', '2', '865');
INSERT INTO `tb_call` VALUES ('72_18', '72', '18', '1', '697');
INSERT INTO `tb_call` VALUES ('72_19', '72', '19', '1', '229');
INSERT INTO `tb_call` VALUES ('72_3', '72', '3', '1', '697');
INSERT INTO `tb_call` VALUES ('72_4', '72', '4', '1', '229');
INSERT INTO `tb_call` VALUES ('73_17', '73', '17', '1', '1136');
INSERT INTO `tb_call` VALUES ('73_2', '73', '2', '1', '1136');
INSERT INTO `tb_call` VALUES ('74_10', '74', '10', '1', '451');
INSERT INTO `tb_call` VALUES ('74_5', '74', '5', '1', '451');
INSERT INTO `tb_call` VALUES ('75_11', '75', '11', '1', '221');
INSERT INTO `tb_call` VALUES ('75_20', '75', '20', '1', '221');
INSERT INTO `tb_call` VALUES ('76_13', '76', '13', '1', '907');
INSERT INTO `tb_call` VALUES ('76_4', '76', '4', '1', '907');
INSERT INTO `tb_call` VALUES ('77_13', '77', '13', '1', '1139');
INSERT INTO `tb_call` VALUES ('77_8', '77', '8', '1', '1139');
INSERT INTO `tb_call` VALUES ('78_12', '78', '12', '1', '921');
INSERT INTO `tb_call` VALUES ('78_19', '78', '19', '1', '921');
INSERT INTO `tb_call` VALUES ('79_11', '79', '11', '1', '315');
INSERT INTO `tb_call` VALUES ('79_12', '79', '12', '1', '437');
INSERT INTO `tb_call` VALUES ('79_17', '79', '17', '1', '437');
INSERT INTO `tb_call` VALUES ('79_20', '79', '20', '1', '315');
INSERT INTO `tb_call` VALUES ('7_10', '7', '10', '1', '696');
INSERT INTO `tb_call` VALUES ('7_14', '7', '14', '1', '176');
INSERT INTO `tb_call` VALUES ('7_6', '7', '6', '1', '696');
INSERT INTO `tb_call` VALUES ('7_8', '7', '8', '1', '176');
INSERT INTO `tb_call` VALUES ('80_11', '80', '11', '1', '622');
INSERT INTO `tb_call` VALUES ('80_5', '80', '5', '1', '622');
INSERT INTO `tb_call` VALUES ('81_4', '81', '4', '1', '392');
INSERT INTO `tb_call` VALUES ('81_6', '81', '6', '1', '392');
INSERT INTO `tb_call` VALUES ('82_1', '82', '1', '1', '269');
INSERT INTO `tb_call` VALUES ('82_12', '82', '12', '1', '1041');
INSERT INTO `tb_call` VALUES ('82_16', '82', '16', '1', '269');
INSERT INTO `tb_call` VALUES ('82_8', '82', '8', '1', '1041');
INSERT INTO `tb_call` VALUES ('83_12', '83', '12', '1', '49');
INSERT INTO `tb_call` VALUES ('83_19', '83', '19', '1', '49');
INSERT INTO `tb_call` VALUES ('83_4', '83', '4', '1', '413');
INSERT INTO `tb_call` VALUES ('83_9', '83', '9', '1', '413');
INSERT INTO `tb_call` VALUES ('84_16', '84', '16', '1', '407');
INSERT INTO `tb_call` VALUES ('84_17', '84', '17', '1', '407');
INSERT INTO `tb_call` VALUES ('85_11', '85', '11', '1', '1003');
INSERT INTO `tb_call` VALUES ('85_14', '85', '14', '1', '473');
INSERT INTO `tb_call` VALUES ('85_15', '85', '15', '1', '160');
INSERT INTO `tb_call` VALUES ('85_18', '85', '18', '1', '1018');
INSERT INTO `tb_call` VALUES ('85_19', '85', '19', '1', '160');
INSERT INTO `tb_call` VALUES ('85_3', '85', '3', '2', '2021');
INSERT INTO `tb_call` VALUES ('85_8', '85', '8', '1', '473');
INSERT INTO `tb_call` VALUES ('86_1', '86', '1', '2', '896');
INSERT INTO `tb_call` VALUES ('86_15', '86', '15', '1', '315');
INSERT INTO `tb_call` VALUES ('86_19', '86', '19', '2', '985');
INSERT INTO `tb_call` VALUES ('86_7', '86', '7', '1', '404');
INSERT INTO `tb_call` VALUES ('87_19', '87', '19', '1', '150');
INSERT INTO `tb_call` VALUES ('87_4', '87', '4', '1', '150');
INSERT INTO `tb_call` VALUES ('88_13', '88', '13', '1', '805');
INSERT INTO `tb_call` VALUES ('88_14', '88', '14', '1', '382');
INSERT INTO `tb_call` VALUES ('88_19', '88', '19', '1', '805');
INSERT INTO `tb_call` VALUES ('88_2', '88', '2', '1', '382');
INSERT INTO `tb_call` VALUES ('89_1', '89', '1', '6', '3613');
INSERT INTO `tb_call` VALUES ('89_10', '89', '10', '5', '3846');
INSERT INTO `tb_call` VALUES ('89_11', '89', '11', '3', '1486');
INSERT INTO `tb_call` VALUES ('89_12', '89', '12', '2', '1040');
INSERT INTO `tb_call` VALUES ('89_13', '89', '13', '6', '3315');
INSERT INTO `tb_call` VALUES ('89_14', '89', '14', '1', '1061');
INSERT INTO `tb_call` VALUES ('89_15', '89', '15', '2', '1221');
INSERT INTO `tb_call` VALUES ('89_16', '89', '16', '3', '1166');
INSERT INTO `tb_call` VALUES ('89_17', '89', '17', '5', '2689');
INSERT INTO `tb_call` VALUES ('89_18', '89', '18', '5', '3731');
INSERT INTO `tb_call` VALUES ('89_19', '89', '19', '5', '2706');
INSERT INTO `tb_call` VALUES ('89_2', '89', '2', '3', '1798');
INSERT INTO `tb_call` VALUES ('89_20', '89', '20', '2', '1006');
INSERT INTO `tb_call` VALUES ('89_3', '89', '3', '3', '1663');
INSERT INTO `tb_call` VALUES ('89_4', '89', '4', '4', '3035');
INSERT INTO `tb_call` VALUES ('89_5', '89', '5', '6', '3483');
INSERT INTO `tb_call` VALUES ('89_6', '89', '6', '4', '2464');
INSERT INTO `tb_call` VALUES ('89_7', '89', '7', '1', '650');
INSERT INTO `tb_call` VALUES ('89_8', '89', '8', '1', '1040');
INSERT INTO `tb_call` VALUES ('89_9', '89', '9', '5', '2743');
INSERT INTO `tb_call` VALUES ('8_15', '8', '15', '1', '345');
INSERT INTO `tb_call` VALUES ('8_5', '8', '5', '1', '345');
INSERT INTO `tb_call` VALUES ('90_13', '90', '13', '1', '226');
INSERT INTO `tb_call` VALUES ('90_17', '90', '17', '1', '742');
INSERT INTO `tb_call` VALUES ('90_2', '90', '2', '1', '742');
INSERT INTO `tb_call` VALUES ('90_9', '90', '9', '1', '226');
INSERT INTO `tb_call` VALUES ('91_10', '91', '10', '1', '928');
INSERT INTO `tb_call` VALUES ('91_12', '91', '12', '1', '928');
INSERT INTO `tb_call` VALUES ('91_13', '91', '13', '1', '23');
INSERT INTO `tb_call` VALUES ('91_5', '91', '5', '1', '23');
INSERT INTO `tb_call` VALUES ('92_16', '92', '16', '1', '230');
INSERT INTO `tb_call` VALUES ('92_20', '92', '20', '1', '189');
INSERT INTO `tb_call` VALUES ('92_3', '92', '3', '1', '189');
INSERT INTO `tb_call` VALUES ('92_4', '92', '4', '1', '230');
INSERT INTO `tb_call` VALUES ('93_17', '93', '17', '1', '238');
INSERT INTO `tb_call` VALUES ('93_9', '93', '9', '1', '238');
INSERT INTO `tb_call` VALUES ('94_15', '94', '15', '1', '46');
INSERT INTO `tb_call` VALUES ('94_17', '94', '17', '1', '46');
INSERT INTO `tb_call` VALUES ('95_1', '95', '1', '2', '1402');
INSERT INTO `tb_call` VALUES ('95_5', '95', '5', '1', '477');
INSERT INTO `tb_call` VALUES ('95_6', '95', '6', '1', '925');
INSERT INTO `tb_call` VALUES ('96_1', '96', '1', '1', '650');
INSERT INTO `tb_call` VALUES ('96_7', '96', '7', '1', '650');
INSERT INTO `tb_call` VALUES ('97_11', '97', '11', '1', '1012');
INSERT INTO `tb_call` VALUES ('97_5', '97', '5', '1', '1012');
INSERT INTO `tb_call` VALUES ('98_15', '98', '15', '1', '1175');
INSERT INTO `tb_call` VALUES ('98_19', '98', '19', '1', '744');
INSERT INTO `tb_call` VALUES ('98_5', '98', '5', '1', '744');
INSERT INTO `tb_call` VALUES ('98_9', '98', '9', '1', '1175');
INSERT INTO `tb_call` VALUES ('99_13', '99', '13', '1', '656');
INSERT INTO `tb_call` VALUES ('99_16', '99', '16', '1', '765');
INSERT INTO `tb_call` VALUES ('99_18', '99', '18', '1', '765');
INSERT INTO `tb_call` VALUES ('99_4', '99', '4', '1', '656');
INSERT INTO `tb_call` VALUES ('9_17', '9', '17', '1', '586');
INSERT INTO `tb_call` VALUES ('9_19', '9', '19', '1', '985');
INSERT INTO `tb_call` VALUES ('9_2', '9', '2', '1', '985');
INSERT INTO `tb_call` VALUES ('9_6', '9', '6', '1', '586');

-- ----------------------------
-- Table structure for tb_contacts
-- ----------------------------
DROP TABLE IF EXISTS `tb_contacts`;
CREATE TABLE `tb_contacts` (
  `id` int(11) NOT NULL AUTO_INCREMENT,
  `telephone` varchar(255) NOT NULL,
  `name` varchar(255) NOT NULL,
  PRIMARY KEY (`id`)
) ENGINE=InnoDB AUTO_INCREMENT=21 DEFAULT CHARSET=utf8;

-- ----------------------------
-- Records of tb_contacts
-- ----------------------------
INSERT INTO `tb_contacts` VALUES ('1', '13407209608', '');
INSERT INTO `tb_contacts` VALUES ('2', '14473548449', '');
INSERT INTO `tb_contacts` VALUES ('3', '15178485516', '');
INSERT INTO `tb_contacts` VALUES ('4', '15369468720', '');
INSERT INTO `tb_contacts` VALUES ('5', '15596505995', '');
INSERT INTO `tb_contacts` VALUES ('6', '16480981069', '');
INSERT INTO `tb_contacts` VALUES ('7', '17325302007', '');
INSERT INTO `tb_contacts` VALUES ('8', '17519874292', '');
INSERT INTO `tb_contacts` VALUES ('9', '18411925860', '');
INSERT INTO `tb_contacts` VALUES ('10', '18503558939', '');
INSERT INTO `tb_contacts` VALUES ('11', '18674257265', '');
INSERT INTO `tb_contacts` VALUES ('12', '18706287692', '');
INSERT INTO `tb_contacts` VALUES ('13', '18749966182', '');
INSERT INTO `tb_contacts` VALUES ('14', '18839074540', '');
INSERT INTO `tb_contacts` VALUES ('15', '18944239644', '');
INSERT INTO `tb_contacts` VALUES ('16', '19335715448', '');
INSERT INTO `tb_contacts` VALUES ('17', '19379884788', '');
INSERT INTO `tb_contacts` VALUES ('18', '19877232369', '');
INSERT INTO `tb_contacts` VALUES ('19', '19879419704', '');
INSERT INTO `tb_contacts` VALUES ('20', '19920860202', '');

-- ----------------------------
-- Table structure for tb_dimension_date
-- ----------------------------
DROP TABLE IF EXISTS `tb_dimension_date`;
CREATE TABLE `tb_dimension_date` (
  `id` int(11) NOT NULL AUTO_INCREMENT,
  `year` int(11) NOT NULL,
  `month` int(11) NOT NULL,
  `day` int(11) NOT NULL,
  PRIMARY KEY (`id`)
) ENGINE=InnoDB AUTO_INCREMENT=263 DEFAULT CHARSET=utf8;

-- ----------------------------
-- Records of tb_dimension_date
-- ----------------------------
INSERT INTO `tb_dimension_date` VALUES ('1', '2017', '-1', '-1');
INSERT INTO `tb_dimension_date` VALUES ('2', '2017', '1', '-1');
INSERT INTO `tb_dimension_date` VALUES ('3', '2017', '1', '2');
INSERT INTO `tb_dimension_date` VALUES ('4', '2017', '1', '3');
INSERT INTO `tb_dimension_date` VALUES ('5', '2017', '1', '4');
INSERT INTO `tb_dimension_date` VALUES ('6', '2017', '1', '5');
INSERT INTO `tb_dimension_date` VALUES ('7', '2017', '1', '6');
INSERT INTO `tb_dimension_date` VALUES ('8', '2017', '1', '7');
INSERT INTO `tb_dimension_date` VALUES ('9', '2017', '1', '10');
INSERT INTO `tb_dimension_date` VALUES ('10', '2017', '1', '11');
INSERT INTO `tb_dimension_date` VALUES ('11', '2017', '1', '12');
INSERT INTO `tb_dimension_date` VALUES ('12', '2017', '1', '13');
INSERT INTO `tb_dimension_date` VALUES ('13', '2017', '1', '15');
INSERT INTO `tb_dimension_date` VALUES ('14', '2017', '1', '16');
INSERT INTO `tb_dimension_date` VALUES ('15', '2017', '1', '17');
INSERT INTO `tb_dimension_date` VALUES ('16', '2017', '1', '18');
INSERT INTO `tb_dimension_date` VALUES ('17', '2017', '1', '20');
INSERT INTO `tb_dimension_date` VALUES ('18', '2017', '1', '21');
INSERT INTO `tb_dimension_date` VALUES ('19', '2017', '1', '22');
INSERT INTO `tb_dimension_date` VALUES ('20', '2017', '1', '26');
INSERT INTO `tb_dimension_date` VALUES ('21', '2017', '1', '27');
INSERT INTO `tb_dimension_date` VALUES ('22', '2017', '1', '28');
INSERT INTO `tb_dimension_date` VALUES ('23', '2017', '1', '30');
INSERT INTO `tb_dimension_date` VALUES ('24', '2017', '2', '-1');
INSERT INTO `tb_dimension_date` VALUES ('25', '2017', '2', '1');
INSERT INTO `tb_dimension_date` VALUES ('26', '2017', '2', '4');
INSERT INTO `tb_dimension_date` VALUES ('27', '2017', '2', '5');
INSERT INTO `tb_dimension_date` VALUES ('28', '2017', '2', '6');
INSERT INTO `tb_dimension_date` VALUES ('29', '2017', '2', '7');
INSERT INTO `tb_dimension_date` VALUES ('30', '2017', '2', '8');
INSERT INTO `tb_dimension_date` VALUES ('31', '2017', '2', '10');
INSERT INTO `tb_dimension_date` VALUES ('32', '2017', '2', '11');
INSERT INTO `tb_dimension_date` VALUES ('33', '2017', '2', '12');
INSERT INTO `tb_dimension_date` VALUES ('34', '2017', '2', '13');
INSERT INTO `tb_dimension_date` VALUES ('35', '2017', '2', '14');
INSERT INTO `tb_dimension_date` VALUES ('36', '2017', '2', '16');
INSERT INTO `tb_dimension_date` VALUES ('37', '2017', '2', '17');
INSERT INTO `tb_dimension_date` VALUES ('38', '2017', '2', '18');
INSERT INTO `tb_dimension_date` VALUES ('39', '2017', '2', '20');
INSERT INTO `tb_dimension_date` VALUES ('40', '2017', '2', '21');
INSERT INTO `tb_dimension_date` VALUES ('41', '2017', '2', '22');
INSERT INTO `tb_dimension_date` VALUES ('42', '2017', '2', '24');
INSERT INTO `tb_dimension_date` VALUES ('43', '2017', '2', '25');
INSERT INTO `tb_dimension_date` VALUES ('44', '2017', '2', '27');
INSERT INTO `tb_dimension_date` VALUES ('45', '2017', '2', '28');
INSERT INTO `tb_dimension_date` VALUES ('46', '2017', '3', '-1');
INSERT INTO `tb_dimension_date` VALUES ('47', '2017', '3', '1');
INSERT INTO `tb_dimension_date` VALUES ('48', '2017', '3', '4');
INSERT INTO `tb_dimension_date` VALUES ('49', '2017', '3', '5');
INSERT INTO `tb_dimension_date` VALUES ('50', '2017', '3', '6');
INSERT INTO `tb_dimension_date` VALUES ('51', '2017', '3', '7');
INSERT INTO `tb_dimension_date` VALUES ('52', '2017', '3', '8');
INSERT INTO `tb_dimension_date` VALUES ('53', '2017', '3', '11');
INSERT INTO `tb_dimension_date` VALUES ('54', '2017', '3', '12');
INSERT INTO `tb_dimension_date` VALUES ('55', '2017', '3', '13');
INSERT INTO `tb_dimension_date` VALUES ('56', '2017', '3', '14');
INSERT INTO `tb_dimension_date` VALUES ('57', '2017', '3', '15');
INSERT INTO `tb_dimension_date` VALUES ('58', '2017', '3', '18');
INSERT INTO `tb_dimension_date` VALUES ('59', '2017', '3', '19');
INSERT INTO `tb_dimension_date` VALUES ('60', '2017', '3', '20');
INSERT INTO `tb_dimension_date` VALUES ('61', '2017', '3', '21');
INSERT INTO `tb_dimension_date` VALUES ('62', '2017', '3', '22');
INSERT INTO `tb_dimension_date` VALUES ('63', '2017', '3', '24');
INSERT INTO `tb_dimension_date` VALUES ('64', '2017', '3', '25');
INSERT INTO `tb_dimension_date` VALUES ('65', '2017', '3', '26');
INSERT INTO `tb_dimension_date` VALUES ('66', '2017', '3', '27');
INSERT INTO `tb_dimension_date` VALUES ('67', '2017', '3', '28');
INSERT INTO `tb_dimension_date` VALUES ('68', '2017', '3', '31');
INSERT INTO `tb_dimension_date` VALUES ('69', '2017', '4', '-1');
INSERT INTO `tb_dimension_date` VALUES ('70', '2017', '4', '1');
INSERT INTO `tb_dimension_date` VALUES ('71', '2017', '4', '2');
INSERT INTO `tb_dimension_date` VALUES ('72', '2017', '4', '3');
INSERT INTO `tb_dimension_date` VALUES ('73', '2017', '4', '4');
INSERT INTO `tb_dimension_date` VALUES ('74', '2017', '4', '5');
INSERT INTO `tb_dimension_date` VALUES ('75', '2017', '4', '6');
INSERT INTO `tb_dimension_date` VALUES ('76', '2017', '4', '7');
INSERT INTO `tb_dimension_date` VALUES ('77', '2017', '4', '8');
INSERT INTO `tb_dimension_date` VALUES ('78', '2017', '4', '11');
INSERT INTO `tb_dimension_date` VALUES ('79', '2017', '4', '12');
INSERT INTO `tb_dimension_date` VALUES ('80', '2017', '4', '14');
INSERT INTO `tb_dimension_date` VALUES ('81', '2017', '4', '15');
INSERT INTO `tb_dimension_date` VALUES ('82', '2017', '4', '19');
INSERT INTO `tb_dimension_date` VALUES ('83', '2017', '4', '21');
INSERT INTO `tb_dimension_date` VALUES ('84', '2017', '4', '22');
INSERT INTO `tb_dimension_date` VALUES ('85', '2017', '4', '23');
INSERT INTO `tb_dimension_date` VALUES ('86', '2017', '4', '26');
INSERT INTO `tb_dimension_date` VALUES ('87', '2017', '4', '29');
INSERT INTO `tb_dimension_date` VALUES ('88', '2017', '4', '30');
INSERT INTO `tb_dimension_date` VALUES ('89', '2017', '5', '-1');
INSERT INTO `tb_dimension_date` VALUES ('90', '2017', '5', '3');
INSERT INTO `tb_dimension_date` VALUES ('91', '2017', '5', '4');
INSERT INTO `tb_dimension_date` VALUES ('92', '2017', '5', '5');
INSERT INTO `tb_dimension_date` VALUES ('93', '2017', '5', '6');
INSERT INTO `tb_dimension_date` VALUES ('94', '2017', '5', '7');
INSERT INTO `tb_dimension_date` VALUES ('95', '2017', '5', '9');
INSERT INTO `tb_dimension_date` VALUES ('96', '2017', '5', '10');
INSERT INTO `tb_dimension_date` VALUES ('97', '2017', '5', '12');
INSERT INTO `tb_dimension_date` VALUES ('98', '2017', '5', '13');
INSERT INTO `tb_dimension_date` VALUES ('99', '2017', '5', '14');
INSERT INTO `tb_dimension_date` VALUES ('100', '2017', '5', '15');
INSERT INTO `tb_dimension_date` VALUES ('101', '2017', '5', '16');
INSERT INTO `tb_dimension_date` VALUES ('102', '2017', '5', '20');
INSERT INTO `tb_dimension_date` VALUES ('103', '2017', '5', '21');
INSERT INTO `tb_dimension_date` VALUES ('104', '2017', '5', '23');
INSERT INTO `tb_dimension_date` VALUES ('105', '2017', '5', '24');
INSERT INTO `tb_dimension_date` VALUES ('106', '2017', '5', '25');
INSERT INTO `tb_dimension_date` VALUES ('107', '2017', '5', '27');
INSERT INTO `tb_dimension_date` VALUES ('108', '2017', '5', '28');
INSERT INTO `tb_dimension_date` VALUES ('109', '2017', '5', '29');
INSERT INTO `tb_dimension_date` VALUES ('110', '2017', '5', '30');
INSERT INTO `tb_dimension_date` VALUES ('111', '2017', '5', '31');
INSERT INTO `tb_dimension_date` VALUES ('112', '2017', '6', '-1');
INSERT INTO `tb_dimension_date` VALUES ('113', '2017', '6', '2');
INSERT INTO `tb_dimension_date` VALUES ('114', '2017', '6', '3');
INSERT INTO `tb_dimension_date` VALUES ('115', '2017', '6', '6');
INSERT INTO `tb_dimension_date` VALUES ('116', '2017', '6', '7');
INSERT INTO `tb_dimension_date` VALUES ('117', '2017', '6', '11');
INSERT INTO `tb_dimension_date` VALUES ('118', '2017', '6', '14');
INSERT INTO `tb_dimension_date` VALUES ('119', '2017', '6', '15');
INSERT INTO `tb_dimension_date` VALUES ('120', '2017', '6', '18');
INSERT INTO `tb_dimension_date` VALUES ('121', '2017', '6', '20');
INSERT INTO `tb_dimension_date` VALUES ('122', '2017', '6', '21');
INSERT INTO `tb_dimension_date` VALUES ('123', '2017', '6', '23');
INSERT INTO `tb_dimension_date` VALUES ('124', '2017', '6', '24');
INSERT INTO `tb_dimension_date` VALUES ('125', '2017', '6', '25');
INSERT INTO `tb_dimension_date` VALUES ('126', '2017', '6', '27');
INSERT INTO `tb_dimension_date` VALUES ('127', '2017', '6', '29');
INSERT INTO `tb_dimension_date` VALUES ('128', '2017', '6', '30');
INSERT INTO `tb_dimension_date` VALUES ('129', '2017', '7', '-1');
INSERT INTO `tb_dimension_date` VALUES ('130', '2017', '7', '1');
INSERT INTO `tb_dimension_date` VALUES ('131', '2017', '7', '2');
INSERT INTO `tb_dimension_date` VALUES ('132', '2017', '7', '3');
INSERT INTO `tb_dimension_date` VALUES ('133', '2017', '7', '6');
INSERT INTO `tb_dimension_date` VALUES ('134', '2017', '7', '8');
INSERT INTO `tb_dimension_date` VALUES ('135', '2017', '7', '9');
INSERT INTO `tb_dimension_date` VALUES ('136', '2017', '7', '11');
INSERT INTO `tb_dimension_date` VALUES ('137', '2017', '7', '12');
INSERT INTO `tb_dimension_date` VALUES ('138', '2017', '7', '14');
INSERT INTO `tb_dimension_date` VALUES ('139', '2017', '7', '17');
INSERT INTO `tb_dimension_date` VALUES ('140', '2017', '7', '19');
INSERT INTO `tb_dimension_date` VALUES ('141', '2017', '7', '20');
INSERT INTO `tb_dimension_date` VALUES ('142', '2017', '7', '21');
INSERT INTO `tb_dimension_date` VALUES ('143', '2017', '7', '23');
INSERT INTO `tb_dimension_date` VALUES ('144', '2017', '7', '24');
INSERT INTO `tb_dimension_date` VALUES ('145', '2017', '7', '26');
INSERT INTO `tb_dimension_date` VALUES ('146', '2017', '7', '27');
INSERT INTO `tb_dimension_date` VALUES ('147', '2017', '7', '28');
INSERT INTO `tb_dimension_date` VALUES ('148', '2017', '7', '29');
INSERT INTO `tb_dimension_date` VALUES ('149', '2017', '7', '30');
INSERT INTO `tb_dimension_date` VALUES ('150', '2017', '7', '31');
INSERT INTO `tb_dimension_date` VALUES ('151', '2017', '8', '-1');
INSERT INTO `tb_dimension_date` VALUES ('152', '2017', '8', '3');
INSERT INTO `tb_dimension_date` VALUES ('153', '2017', '8', '5');
INSERT INTO `tb_dimension_date` VALUES ('154', '2017', '8', '6');
INSERT INTO `tb_dimension_date` VALUES ('155', '2017', '8', '8');
INSERT INTO `tb_dimension_date` VALUES ('156', '2017', '8', '9');
INSERT INTO `tb_dimension_date` VALUES ('157', '2017', '8', '10');
INSERT INTO `tb_dimension_date` VALUES ('158', '2017', '8', '11');
INSERT INTO `tb_dimension_date` VALUES ('159', '2017', '8', '13');
INSERT INTO `tb_dimension_date` VALUES ('160', '2017', '8', '14');
INSERT INTO `tb_dimension_date` VALUES ('161', '2017', '8', '15');
INSERT INTO `tb_dimension_date` VALUES ('162', '2017', '8', '16');
INSERT INTO `tb_dimension_date` VALUES ('163', '2017', '8', '17');
INSERT INTO `tb_dimension_date` VALUES ('164', '2017', '8', '20');
INSERT INTO `tb_dimension_date` VALUES ('165', '2017', '8', '21');
INSERT INTO `tb_dimension_date` VALUES ('166', '2017', '8', '23');
INSERT INTO `tb_dimension_date` VALUES ('167', '2017', '8', '24');
INSERT INTO `tb_dimension_date` VALUES ('168', '2017', '8', '26');
INSERT INTO `tb_dimension_date` VALUES ('169', '2017', '8', '27');
INSERT INTO `tb_dimension_date` VALUES ('170', '2017', '8', '28');
INSERT INTO `tb_dimension_date` VALUES ('171', '2017', '8', '29');
INSERT INTO `tb_dimension_date` VALUES ('172', '2017', '8', '30');
INSERT INTO `tb_dimension_date` VALUES ('173', '2017', '8', '31');
INSERT INTO `tb_dimension_date` VALUES ('174', '2017', '9', '-1');
INSERT INTO `tb_dimension_date` VALUES ('175', '2017', '9', '1');
INSERT INTO `tb_dimension_date` VALUES ('176', '2017', '9', '2');
INSERT INTO `tb_dimension_date` VALUES ('177', '2017', '9', '3');
INSERT INTO `tb_dimension_date` VALUES ('178', '2017', '9', '4');
INSERT INTO `tb_dimension_date` VALUES ('179', '2017', '9', '5');
INSERT INTO `tb_dimension_date` VALUES ('180', '2017', '9', '6');
INSERT INTO `tb_dimension_date` VALUES ('181', '2017', '9', '8');
INSERT INTO `tb_dimension_date` VALUES ('182', '2017', '9', '9');
INSERT INTO `tb_dimension_date` VALUES ('183', '2017', '9', '11');
INSERT INTO `tb_dimension_date` VALUES ('184', '2017', '9', '13');
INSERT INTO `tb_dimension_date` VALUES ('185', '2017', '9', '14');
INSERT INTO `tb_dimension_date` VALUES ('186', '2017', '9', '15');
INSERT INTO `tb_dimension_date` VALUES ('187', '2017', '9', '16');
INSERT INTO `tb_dimension_date` VALUES ('188', '2017', '9', '17');
INSERT INTO `tb_dimension_date` VALUES ('189', '2017', '9', '19');
INSERT INTO `tb_dimension_date` VALUES ('190', '2017', '9', '20');
INSERT INTO `tb_dimension_date` VALUES ('191', '2017', '9', '23');
INSERT INTO `tb_dimension_date` VALUES ('192', '2017', '9', '24');
INSERT INTO `tb_dimension_date` VALUES ('193', '2017', '9', '25');
INSERT INTO `tb_dimension_date` VALUES ('194', '2017', '9', '26');
INSERT INTO `tb_dimension_date` VALUES ('195', '2017', '9', '28');
INSERT INTO `tb_dimension_date` VALUES ('196', '2017', '9', '29');
INSERT INTO `tb_dimension_date` VALUES ('197', '2017', '9', '30');
INSERT INTO `tb_dimension_date` VALUES ('198', '2017', '10', '-1');
INSERT INTO `tb_dimension_date` VALUES ('199', '2017', '10', '4');
INSERT INTO `tb_dimension_date` VALUES ('200', '2017', '10', '6');
INSERT INTO `tb_dimension_date` VALUES ('201', '2017', '10', '7');
INSERT INTO `tb_dimension_date` VALUES ('202', '2017', '10', '9');
INSERT INTO `tb_dimension_date` VALUES ('203', '2017', '10', '10');
INSERT INTO `tb_dimension_date` VALUES ('204', '2017', '10', '12');
INSERT INTO `tb_dimension_date` VALUES ('205', '2017', '10', '13');
INSERT INTO `tb_dimension_date` VALUES ('206', '2017', '10', '14');
INSERT INTO `tb_dimension_date` VALUES ('207', '2017', '10', '15');
INSERT INTO `tb_dimension_date` VALUES ('208', '2017', '10', '16');
INSERT INTO `tb_dimension_date` VALUES ('209', '2017', '10', '17');
INSERT INTO `tb_dimension_date` VALUES ('210', '2017', '10', '21');
INSERT INTO `tb_dimension_date` VALUES ('211', '2017', '10', '22');
INSERT INTO `tb_dimension_date` VALUES ('212', '2017', '10', '23');
INSERT INTO `tb_dimension_date` VALUES ('213', '2017', '10', '24');
INSERT INTO `tb_dimension_date` VALUES ('214', '2017', '10', '27');
INSERT INTO `tb_dimension_date` VALUES ('215', '2017', '10', '28');
INSERT INTO `tb_dimension_date` VALUES ('216', '2017', '10', '29');
INSERT INTO `tb_dimension_date` VALUES ('217', '2017', '10', '30');
INSERT INTO `tb_dimension_date` VALUES ('218', '2017', '10', '31');
INSERT INTO `tb_dimension_date` VALUES ('219', '2017', '11', '-1');
INSERT INTO `tb_dimension_date` VALUES ('220', '2017', '11', '2');
INSERT INTO `tb_dimension_date` VALUES ('221', '2017', '11', '3');
INSERT INTO `tb_dimension_date` VALUES ('222', '2017', '11', '5');
INSERT INTO `tb_dimension_date` VALUES ('223', '2017', '11', '7');
INSERT INTO `tb_dimension_date` VALUES ('224', '2017', '11', '8');
INSERT INTO `tb_dimension_date` VALUES ('225', '2017', '11', '9');
INSERT INTO `tb_dimension_date` VALUES ('226', '2017', '11', '10');
INSERT INTO `tb_dimension_date` VALUES ('227', '2017', '11', '11');
INSERT INTO `tb_dimension_date` VALUES ('228', '2017', '11', '13');
INSERT INTO `tb_dimension_date` VALUES ('229', '2017', '11', '14');
INSERT INTO `tb_dimension_date` VALUES ('230', '2017', '11', '15');
INSERT INTO `tb_dimension_date` VALUES ('231', '2017', '11', '18');
INSERT INTO `tb_dimension_date` VALUES ('232', '2017', '11', '19');
INSERT INTO `tb_dimension_date` VALUES ('233', '2017', '11', '20');
INSERT INTO `tb_dimension_date` VALUES ('234', '2017', '11', '22');
INSERT INTO `tb_dimension_date` VALUES ('235', '2017', '11', '23');
INSERT INTO `tb_dimension_date` VALUES ('236', '2017', '11', '24');
INSERT INTO `tb_dimension_date` VALUES ('237', '2017', '11', '27');
INSERT INTO `tb_dimension_date` VALUES ('238', '2017', '11', '28');
INSERT INTO `tb_dimension_date` VALUES ('239', '2017', '11', '29');
INSERT INTO `tb_dimension_date` VALUES ('240', '2017', '11', '30');
INSERT INTO `tb_dimension_date` VALUES ('241', '2017', '12', '-1');
INSERT INTO `tb_dimension_date` VALUES ('242', '2017', '12', '1');
INSERT INTO `tb_dimension_date` VALUES ('243', '2017', '12', '2');
INSERT INTO `tb_dimension_date` VALUES ('244', '2017', '12', '3');
INSERT INTO `tb_dimension_date` VALUES ('245', '2017', '12', '6');
INSERT INTO `tb_dimension_date` VALUES ('246', '2017', '12', '8');
INSERT INTO `tb_dimension_date` VALUES ('247', '2017', '12', '9');
INSERT INTO `tb_dimension_date` VALUES ('248', '2017', '12', '10');
INSERT INTO `tb_dimension_date` VALUES ('249', '2017', '12', '11');
INSERT INTO `tb_dimension_date` VALUES ('250', '2017', '12', '12');
INSERT INTO `tb_dimension_date` VALUES ('251', '2017', '12', '14');
INSERT INTO `tb_dimension_date` VALUES ('252', '2017', '12', '15');
INSERT INTO `tb_dimension_date` VALUES ('253', '2017', '12', '16');
INSERT INTO `tb_dimension_date` VALUES ('254', '2017', '12', '17');
INSERT INTO `tb_dimension_date` VALUES ('255', '2017', '12', '19');
INSERT INTO `tb_dimension_date` VALUES ('256', '2017', '12', '21');
INSERT INTO `tb_dimension_date` VALUES ('257', '2017', '12', '23');
INSERT INTO `tb_dimension_date` VALUES ('258', '2017', '12', '26');
INSERT INTO `tb_dimension_date` VALUES ('259', '2017', '12', '27');
INSERT INTO `tb_dimension_date` VALUES ('260', '2017', '12', '28');
INSERT INTO `tb_dimension_date` VALUES ('261', '2017', '12', '29');
INSERT INTO `tb_dimension_date` VALUES ('262', '2017', '12', '30');

-- ----------------------------
-- Table structure for tb_intimacy
-- ----------------------------
DROP TABLE IF EXISTS `tb_intimacy`;
CREATE TABLE `tb_intimacy` (
  `id` int(11) NOT NULL AUTO_INCREMENT,
  `intimacy_rank` int(11) NOT NULL,
  `contact_id1` int(11) NOT NULL,
  `contact_id2` int(11) NOT NULL,
  `call_count` int(11) NOT NULL,
  `call_duration_count` int(11) NOT NULL,
  PRIMARY KEY (`id`)
) ENGINE=InnoDB DEFAULT CHARSET=utf8;

-- ----------------------------
-- Records of tb_intimacy
-- ----------------------------
